mode: set
github.com/huanminabc/juhe-ai/backend-go-gateway/internal/auditlog/config.go:60.61,62.48 2 1
github.com/huanminabc/juhe-ai/backend-go-gateway/internal/auditlog/config.go:62.48,64.3 1 1
github.com/huanminabc/juhe-ai/backend-go-gateway/internal/auditlog/config.go:65.2,67.16 3 1
github.com/huanminabc/juhe-ai/backend-go-gateway/internal/auditlog/config.go:67.16,69.3 1 0
github.com/huanminabc/juhe-ai/backend-go-gateway/internal/auditlog/config.go:70.2,71.16 2 1
github.com/huanminabc/juhe-ai/backend-go-gateway/internal/auditlog/config.go:71.16,73.3 1 1
github.com/huanminabc/juhe-ai/backend-go-gateway/internal/auditlog/config.go:74.2,94.30 2 1
github.com/huanminabc/juhe-ai/backend-go-gateway/internal/auditlog/config.go:94.30,95.104 1 1
github.com/huanminabc/juhe-ai/backend-go-gateway/internal/auditlog/config.go:95.104,97.4 1 1
github.com/huanminabc/juhe-ai/backend-go-gateway/internal/auditlog/config.go:99.2,99.26 1 1
github.com/huanminabc/juhe-ai/backend-go-gateway/internal/auditlog/config.go:99.26,101.3 1 1
github.com/huanminabc/juhe-ai/backend-go-gateway/internal/auditlog/config.go:102.2,103.41 2 1
github.com/huanminabc/juhe-ai/backend-go-gateway/internal/auditlog/config.go:103.41,105.3 1 1
github.com/huanminabc/juhe-ai/backend-go-gateway/internal/auditlog/config.go:106.2,108.87 3 1
github.com/huanminabc/juhe-ai/backend-go-gateway/internal/auditlog/config.go:108.87,110.3 1 1
github.com/huanminabc/juhe-ai/backend-go-gateway/internal/auditlog/config.go:111.2,113.16 3 1
github.com/huanminabc/juhe-ai/backend-go-gateway/internal/auditlog/config.go:113.16,115.3 1 1
github.com/huanminabc/juhe-ai/backend-go-gateway/internal/auditlog/config.go:116.2,118.16 3 1
github.com/huanminabc/juhe-ai/backend-go-gateway/internal/auditlog/config.go:118.16,120.3 1 1
github.com/huanminabc/juhe-ai/backend-go-gateway/internal/auditlog/config.go:121.2,123.16 3 1
github.com/huanminabc/juhe-ai/backend-go-gateway/internal/auditlog/config.go:123.16,125.3 1 1
github.com/huanminabc/juhe-ai/backend-go-gateway/internal/auditlog/config.go:126.2,128.16 3 1
github.com/huanminabc/juhe-ai/backend-go-gateway/internal/auditlog/config.go:128.16,130.3 1 1
github.com/huanminabc/juhe-ai/backend-go-gateway/internal/auditlog/config.go:131.2,133.16 3 1
github.com/huanminabc/juhe-ai/backend-go-gateway/internal/auditlog/config.go:133.16,135.3 1 1
github.com/huanminabc/juhe-ai/backend-go-gateway/internal/auditlog/config.go:136.2,137.54 2 1
github.com/huanminabc/juhe-ai/backend-go-gateway/internal/auditlog/config.go:137.54,139.3 1 1
github.com/huanminabc/juhe-ai/backend-go-gateway/internal/auditlog/config.go:140.2,140.69 1 1
github.com/huanminabc/juhe-ai/backend-go-gateway/internal/auditlog/config.go:140.69,142.3 1 1
github.com/huanminabc/juhe-ai/backend-go-gateway/internal/auditlog/config.go:143.2,143.26 1 1
github.com/huanminabc/juhe-ai/backend-go-gateway/internal/auditlog/config.go:143.26,144.28 1 1
github.com/huanminabc/juhe-ai/backend-go-gateway/internal/auditlog/config.go:144.28,146.4 1 1
github.com/huanminabc/juhe-ai/backend-go-gateway/internal/auditlog/config.go:147.3,147.37 1 1
github.com/huanminabc/juhe-ai/backend-go-gateway/internal/auditlog/config.go:147.37,149.4 1 1
github.com/huanminabc/juhe-ai/backend-go-gateway/internal/auditlog/config.go:150.3,150.18 1 1
github.com/huanminabc/juhe-ai/backend-go-gateway/internal/auditlog/config.go:152.2,152.67 1 1
github.com/huanminabc/juhe-ai/backend-go-gateway/internal/auditlog/config.go:152.67,154.3 1 1
github.com/huanminabc/juhe-ai/backend-go-gateway/internal/auditlog/config.go:155.2,162.4 1 1
github.com/huanminabc/juhe-ai/backend-go-gateway/internal/auditlog/config.go:162.4,163.27 1 1
github.com/huanminabc/juhe-ai/backend-go-gateway/internal/auditlog/config.go:163.27,165.4 1 1
github.com/huanminabc/juhe-ai/backend-go-gateway/internal/auditlog/config.go:166.3,167.17 2 1
github.com/huanminabc/juhe-ai/backend-go-gateway/internal/auditlog/config.go:167.17,169.4 1 0
github.com/huanminabc/juhe-ai/backend-go-gateway/internal/auditlog/config.go:170.3,170.11 1 1
github.com/huanminabc/juhe-ai/backend-go-gateway/internal/auditlog/config.go:170.11,172.4 1 1
github.com/huanminabc/juhe-ai/backend-go-gateway/internal/auditlog/config.go:174.2,174.36 1 1
github.com/huanminabc/juhe-ai/backend-go-gateway/internal/auditlog/config.go:174.36,176.17 2 1
github.com/huanminabc/juhe-ai/backend-go-gateway/internal/auditlog/config.go:176.17,178.4 1 0
github.com/huanminabc/juhe-ai/backend-go-gateway/internal/auditlog/config.go:179.3,179.11 1 1
github.com/huanminabc/juhe-ai/backend-go-gateway/internal/auditlog/config.go:179.11,181.4 1 0
github.com/huanminabc/juhe-ai/backend-go-gateway/internal/auditlog/config.go:183.2,183.30 1 1
github.com/huanminabc/juhe-ai/backend-go-gateway/internal/auditlog/config.go:183.30,185.3 1 1
github.com/huanminabc/juhe-ai/backend-go-gateway/internal/auditlog/config.go:186.2,186.117 1 1
github.com/huanminabc/juhe-ai/backend-go-gateway/internal/auditlog/config.go:186.117,188.3 1 1
github.com/huanminabc/juhe-ai/backend-go-gateway/internal/auditlog/config.go:189.2,190.16 2 1
github.com/huanminabc/juhe-ai/backend-go-gateway/internal/auditlog/config.go:190.16,192.3 1 0
github.com/huanminabc/juhe-ai/backend-go-gateway/internal/auditlog/config.go:193.2,193.12 1 1
github.com/huanminabc/juhe-ai/backend-go-gateway/internal/auditlog/config.go:193.12,195.3 1 1
github.com/huanminabc/juhe-ai/backend-go-gateway/internal/auditlog/config.go:196.2,197.16 2 1
github.com/huanminabc/juhe-ai/backend-go-gateway/internal/auditlog/config.go:197.16,199.3 1 1
github.com/huanminabc/juhe-ai/backend-go-gateway/internal/auditlog/config.go:200.2,200.37 1 1
github.com/huanminabc/juhe-ai/backend-go-gateway/internal/auditlog/config.go:200.37,202.17 2 1
github.com/huanminabc/juhe-ai/backend-go-gateway/internal/auditlog/config.go:202.17,204.4 1 0
github.com/huanminabc/juhe-ai/backend-go-gateway/internal/auditlog/config.go:205.3,205.11 1 1
github.com/huanminabc/juhe-ai/backend-go-gateway/internal/auditlog/config.go:205.11,207.4 1 1
github.com/huanminabc/juhe-ai/backend-go-gateway/internal/auditlog/config.go:209.2,209.30 1 1
github.com/huanminabc/juhe-ai/backend-go-gateway/internal/auditlog/config.go:209.30,211.3 1 1
github.com/huanminabc/juhe-ai/backend-go-gateway/internal/auditlog/config.go:212.2,212.103 1 1
github.com/huanminabc/juhe-ai/backend-go-gateway/internal/auditlog/config.go:212.103,214.3 1 0
github.com/huanminabc/juhe-ai/backend-go-gateway/internal/auditlog/config.go:215.2,216.16 2 1
github.com/huanminabc/juhe-ai/backend-go-gateway/internal/auditlog/config.go:216.16,218.3 1 0
github.com/huanminabc/juhe-ai/backend-go-gateway/internal/auditlog/config.go:219.2,219.12 1 1
github.com/huanminabc/juhe-ai/backend-go-gateway/internal/auditlog/config.go:219.12,221.3 1 0
github.com/huanminabc/juhe-ai/backend-go-gateway/internal/auditlog/config.go:222.2,223.16 2 1
github.com/huanminabc/juhe-ai/backend-go-gateway/internal/auditlog/config.go:223.16,225.3 1 1
github.com/huanminabc/juhe-ai/backend-go-gateway/internal/auditlog/config.go:226.2,226.32 1 1
github.com/huanminabc/juhe-ai/backend-go-gateway/internal/auditlog/config.go:226.32,228.17 2 1
github.com/huanminabc/juhe-ai/backend-go-gateway/internal/auditlog/config.go:228.17,230.4 1 0
github.com/huanminabc/juhe-ai/backend-go-gateway/internal/auditlog/config.go:231.3,231.11 1 1
github.com/huanminabc/juhe-ai/backend-go-gateway/internal/auditlog/config.go:231.11,233.4 1 1
github.com/huanminabc/juhe-ai/backend-go-gateway/internal/auditlog/config.go:235.2,235.17 1 1
github.com/huanminabc/juhe-ai/backend-go-gateway/internal/auditlog/config.go:244.62,246.86 2 1
github.com/huanminabc/juhe-ai/backend-go-gateway/internal/auditlog/config.go:246.86,247.17 1 1
github.com/huanminabc/juhe-ai/backend-go-gateway/internal/auditlog/config.go:247.17,248.54 1 1
github.com/huanminabc/juhe-ai/backend-go-gateway/internal/auditlog/config.go:248.54,250.5 1 1
github.com/huanminabc/juhe-ai/backend-go-gateway/internal/auditlog/config.go:251.4,251.14 1 0
github.com/huanminabc/juhe-ai/backend-go-gateway/internal/auditlog/config.go:253.3,253.39 1 1
github.com/huanminabc/juhe-ai/backend-go-gateway/internal/auditlog/config.go:253.39,255.4 1 1
github.com/huanminabc/juhe-ai/backend-go-gateway/internal/auditlog/config.go:256.3,256.74 1 1
github.com/huanminabc/juhe-ai/backend-go-gateway/internal/auditlog/config.go:256.74,258.4 1 1
github.com/huanminabc/juhe-ai/backend-go-gateway/internal/auditlog/config.go:259.3,260.13 2 1
github.com/huanminabc/juhe-ai/backend-go-gateway/internal/auditlog/config.go:262.2,262.16 1 1
github.com/huanminabc/juhe-ai/backend-go-gateway/internal/auditlog/config.go:262.16,264.3 1 1
github.com/huanminabc/juhe-ai/backend-go-gateway/internal/auditlog/config.go:265.2,265.21 1 1
github.com/huanminabc/juhe-ai/backend-go-gateway/internal/auditlog/config.go:268.87,269.36 1 1
github.com/huanminabc/juhe-ai/backend-go-gateway/internal/auditlog/config.go:269.36,271.3 1 1
github.com/huanminabc/juhe-ai/backend-go-gateway/internal/auditlog/config.go:272.2,273.31 2 1
github.com/huanminabc/juhe-ai/backend-go-gateway/internal/auditlog/config.go:273.31,275.3 1 1
github.com/huanminabc/juhe-ai/backend-go-gateway/internal/auditlog/config.go:276.2,276.20 1 1
github.com/huanminabc/juhe-ai/backend-go-gateway/internal/auditlog/config.go:279.83,281.17 2 1
github.com/huanminabc/juhe-ai/backend-go-gateway/internal/auditlog/config.go:281.17,283.3 1 1
github.com/huanminabc/juhe-ai/backend-go-gateway/internal/auditlog/config.go:284.2,285.145 2 1
github.com/huanminabc/juhe-ai/backend-go-gateway/internal/auditlog/config.go:285.145,287.3 1 1
github.com/huanminabc/juhe-ai/backend-go-gateway/internal/auditlog/config.go:288.2,288.25 1 1
github.com/huanminabc/juhe-ai/backend-go-gateway/internal/auditlog/config.go:291.74,293.17 2 1
github.com/huanminabc/juhe-ai/backend-go-gateway/internal/auditlog/config.go:293.17,295.3 1 1
github.com/huanminabc/juhe-ai/backend-go-gateway/internal/auditlog/config.go:296.2,297.30 2 1
github.com/huanminabc/juhe-ai/backend-go-gateway/internal/auditlog/config.go:297.30,299.3 1 1
github.com/huanminabc/juhe-ai/backend-go-gateway/internal/auditlog/config.go:300.2,300.20 1 1
github.com/huanminabc/juhe-ai/backend-go-gateway/internal/auditlog/config.go:303.108,305.17 2 1
github.com/huanminabc/juhe-ai/backend-go-gateway/internal/auditlog/config.go:305.17,307.3 1 1
github.com/huanminabc/juhe-ai/backend-go-gateway/internal/auditlog/config.go:308.2,309.66 2 1
github.com/huanminabc/juhe-ai/backend-go-gateway/internal/auditlog/config.go:309.66,311.3 1 1
github.com/huanminabc/juhe-ai/backend-go-gateway/internal/auditlog/config.go:312.2,312.92 1 1
github.com/huanminabc/juhe-ai/backend-go-gateway/internal/auditlog/config.go:312.92,314.3 1 1
github.com/huanminabc/juhe-ai/backend-go-gateway/internal/auditlog/config.go:315.2,316.95 2 1
github.com/huanminabc/juhe-ai/backend-go-gateway/internal/auditlog/config.go:316.95,318.3 1 1
github.com/huanminabc/juhe-ai/backend-go-gateway/internal/auditlog/config.go:319.2,319.20 1 1
github.com/huanminabc/juhe-ai/backend-go-gateway/internal/auditlog/config.go:322.51,323.81 1 1
github.com/huanminabc/juhe-ai/backend-go-gateway/internal/auditlog/config.go:323.81,325.3 1 1
github.com/huanminabc/juhe-ai/backend-go-gateway/internal/auditlog/config.go:326.2,326.65 1 1
github.com/huanminabc/juhe-ai/backend-go-gateway/internal/auditlog/config.go:326.65,328.3 1 1
github.com/huanminabc/juhe-ai/backend-go-gateway/internal/auditlog/config.go:329.2,329.76 1 1
github.com/huanminabc/juhe-ai/backend-go-gateway/internal/auditlog/config.go:329.76,331.3 1 1
github.com/huanminabc/juhe-ai/backend-go-gateway/internal/auditlog/config.go:332.2,332.137 1 1
github.com/huanminabc/juhe-ai/backend-go-gateway/internal/auditlog/config.go:332.137,334.3 1 1
github.com/huanminabc/juhe-ai/backend-go-gateway/internal/auditlog/config.go:335.2,335.69 1 1
github.com/huanminabc/juhe-ai/backend-go-gateway/internal/auditlog/config.go:335.69,337.3 1 1
github.com/huanminabc/juhe-ai/backend-go-gateway/internal/auditlog/config.go:338.2,338.69 1 1
github.com/huanminabc/juhe-ai/backend-go-gateway/internal/auditlog/config.go:338.69,340.3 1 1
github.com/huanminabc/juhe-ai/backend-go-gateway/internal/auditlog/config.go:341.2,341.69 1 1
github.com/huanminabc/juhe-ai/backend-go-gateway/internal/auditlog/config.go:341.69,343.3 1 1
github.com/huanminabc/juhe-ai/backend-go-gateway/internal/auditlog/config.go:344.2,344.96 1 1
github.com/huanminabc/juhe-ai/backend-go-gateway/internal/auditlog/config.go:344.96,346.3 1 1
github.com/huanminabc/juhe-ai/backend-go-gateway/internal/auditlog/config.go:347.2,347.12 1 1
github.com/huanminabc/juhe-ai/backend-go-gateway/internal/auditlog/config.go:353.68,356.34 3 1
github.com/huanminabc/juhe-ai/backend-go-gateway/internal/auditlog/config.go:356.34,358.3 1 1
github.com/huanminabc/juhe-ai/backend-go-gateway/internal/auditlog/config.go:359.2,367.3 2 1
github.com/huanminabc/juhe-ai/backend-go-gateway/internal/auditlog/hot_search.go:44.112,46.31 2 1
github.com/huanminabc/juhe-ai/backend-go-gateway/internal/auditlog/hot_search.go:46.31,48.17 2 1
github.com/huanminabc/juhe-ai/backend-go-gateway/internal/auditlog/hot_search.go:48.17,50.4 1 1
github.com/huanminabc/juhe-ai/backend-go-gateway/internal/auditlog/hot_search.go:51.3,51.58 1 1
github.com/huanminabc/juhe-ai/backend-go-gateway/internal/auditlog/hot_search.go:53.2,54.22 2 1
github.com/huanminabc/juhe-ai/backend-go-gateway/internal/auditlog/hot_search.go:54.22,56.3 1 1
github.com/huanminabc/juhe-ai/backend-go-gateway/internal/auditlog/hot_search.go:57.2,57.44 1 1
github.com/huanminabc/juhe-ai/backend-go-gateway/internal/auditlog/hot_search.go:57.44,59.3 1 1
github.com/huanminabc/juhe-ai/backend-go-gateway/internal/auditlog/hot_search.go:60.2,60.26 1 1
github.com/huanminabc/juhe-ai/backend-go-gateway/internal/auditlog/hot_search.go:60.26,63.3 2 1
github.com/huanminabc/juhe-ai/backend-go-gateway/internal/auditlog/hot_search.go:64.2,65.16 2 1
github.com/huanminabc/juhe-ai/backend-go-gateway/internal/auditlog/hot_search.go:65.16,67.3 1 1
github.com/huanminabc/juhe-ai/backend-go-gateway/internal/auditlog/hot_search.go:68.2,69.15 2 1
github.com/huanminabc/juhe-ai/backend-go-gateway/internal/auditlog/hot_search.go:69.15,70.17 1 1
github.com/huanminabc/juhe-ai/backend-go-gateway/internal/auditlog/hot_search.go:70.17,72.4 1 1
github.com/huanminabc/juhe-ai/backend-go-gateway/internal/auditlog/hot_search.go:74.2,74.56 1 1
github.com/huanminabc/juhe-ai/backend-go-gateway/internal/auditlog/hot_search.go:74.56,76.3 1 1
github.com/huanminabc/juhe-ai/backend-go-gateway/internal/auditlog/hot_search.go:77.2,78.16 2 1
github.com/huanminabc/juhe-ai/backend-go-gateway/internal/auditlog/hot_search.go:78.16,80.3 1 0
github.com/huanminabc/juhe-ai/backend-go-gateway/internal/auditlog/hot_search.go:81.2,81.21 1 1
github.com/huanminabc/juhe-ai/backend-go-gateway/internal/auditlog/hot_search.go:81.21,83.3 1 0
github.com/huanminabc/juhe-ai/backend-go-gateway/internal/auditlog/hot_search.go:84.2,87.36 4 1
github.com/huanminabc/juhe-ai/backend-go-gateway/internal/auditlog/hot_search.go:87.36,88.61 1 1
github.com/huanminabc/juhe-ai/backend-go-gateway/internal/auditlog/hot_search.go:88.61,90.4 1 1
github.com/huanminabc/juhe-ai/backend-go-gateway/internal/auditlog/hot_search.go:91.3,91.28 1 1
github.com/huanminabc/juhe-ai/backend-go-gateway/internal/auditlog/hot_search.go:93.2,93.66 1 1
github.com/huanminabc/juhe-ai/backend-go-gateway/internal/auditlog/hot_search.go:93.66,95.3 1 0
github.com/huanminabc/juhe-ai/backend-go-gateway/internal/auditlog/hot_search.go:96.2,96.36 1 1
github.com/huanminabc/juhe-ai/backend-go-gateway/internal/auditlog/hot_search.go:96.36,98.3 1 1
github.com/huanminabc/juhe-ai/backend-go-gateway/internal/auditlog/hot_search.go:99.2,100.22 2 1
github.com/huanminabc/juhe-ai/backend-go-gateway/internal/auditlog/hot_search.go:106.123,107.21 1 1
github.com/huanminabc/juhe-ai/backend-go-gateway/internal/auditlog/hot_search.go:107.21,109.3 1 1
github.com/huanminabc/juhe-ai/backend-go-gateway/internal/auditlog/hot_search.go:110.2,110.19 1 1
github.com/huanminabc/juhe-ai/backend-go-gateway/internal/auditlog/hot_search.go:110.19,112.3 1 1
github.com/huanminabc/juhe-ai/backend-go-gateway/internal/auditlog/hot_search.go:113.2,113.44 1 1
github.com/huanminabc/juhe-ai/backend-go-gateway/internal/auditlog/hot_search.go:113.44,115.3 1 1
github.com/huanminabc/juhe-ai/backend-go-gateway/internal/auditlog/hot_search.go:116.2,116.26 1 1
github.com/huanminabc/juhe-ai/backend-go-gateway/internal/auditlog/hot_search.go:116.26,119.3 2 1
github.com/huanminabc/juhe-ai/backend-go-gateway/internal/auditlog/hot_search.go:120.2,121.16 2 1
github.com/huanminabc/juhe-ai/backend-go-gateway/internal/auditlog/hot_search.go:121.16,123.3 1 1
github.com/huanminabc/juhe-ai/backend-go-gateway/internal/auditlog/hot_search.go:124.2,125.56 2 1
github.com/huanminabc/juhe-ai/backend-go-gateway/internal/auditlog/hot_search.go:125.56,127.3 1 1
github.com/huanminabc/juhe-ai/backend-go-gateway/internal/auditlog/hot_search.go:128.2,131.16 4 1
github.com/huanminabc/juhe-ai/backend-go-gateway/internal/auditlog/hot_search.go:131.16,133.3 1 0
github.com/huanminabc/juhe-ai/backend-go-gateway/internal/auditlog/hot_search.go:134.2,134.66 1 1
github.com/huanminabc/juhe-ai/backend-go-gateway/internal/auditlog/hot_search.go:134.66,136.3 1 0
github.com/huanminabc/juhe-ai/backend-go-gateway/internal/auditlog/hot_search.go:137.2,137.36 1 1
github.com/huanminabc/juhe-ai/backend-go-gateway/internal/auditlog/hot_search.go:137.36,139.3 1 1
github.com/huanminabc/juhe-ai/backend-go-gateway/internal/auditlog/hot_search.go:140.2,140.21 1 1
github.com/huanminabc/juhe-ai/backend-go-gateway/internal/auditlog/hot_search.go:143.68,144.63 1 1
github.com/huanminabc/juhe-ai/backend-go-gateway/internal/auditlog/hot_search.go:144.63,146.3 1 1
github.com/huanminabc/juhe-ai/backend-go-gateway/internal/auditlog/hot_search.go:147.2,148.16 2 1
github.com/huanminabc/juhe-ai/backend-go-gateway/internal/auditlog/hot_search.go:148.16,150.3 1 1
github.com/huanminabc/juhe-ai/backend-go-gateway/internal/auditlog/hot_search.go:151.2,152.29 2 1
github.com/huanminabc/juhe-ai/backend-go-gateway/internal/auditlog/hot_search.go:152.29,153.46 1 1
github.com/huanminabc/juhe-ai/backend-go-gateway/internal/auditlog/hot_search.go:153.46,156.4 2 0
github.com/huanminabc/juhe-ai/backend-go-gateway/internal/auditlog/hot_search.go:158.2,158.36 1 1
github.com/huanminabc/juhe-ai/backend-go-gateway/internal/auditlog/hot_search.go:158.36,161.3 2 0
github.com/huanminabc/juhe-ai/backend-go-gateway/internal/auditlog/hot_search.go:162.2,162.37 1 1
github.com/huanminabc/juhe-ai/backend-go-gateway/internal/auditlog/hot_search.go:162.37,164.3 1 0
github.com/huanminabc/juhe-ai/backend-go-gateway/internal/auditlog/hot_search.go:165.2,165.12 1 1
github.com/huanminabc/juhe-ai/backend-go-gateway/internal/auditlog/hot_search.go:168.99,170.31 2 1
github.com/huanminabc/juhe-ai/backend-go-gateway/internal/auditlog/hot_search.go:170.31,171.40 1 1
github.com/huanminabc/juhe-ai/backend-go-gateway/internal/auditlog/hot_search.go:171.40,172.12 1 1
github.com/huanminabc/juhe-ai/backend-go-gateway/internal/auditlog/hot_search.go:174.3,174.63 1 1
github.com/huanminabc/juhe-ai/backend-go-gateway/internal/auditlog/hot_search.go:174.63,175.12 1 1
github.com/huanminabc/juhe-ai/backend-go-gateway/internal/auditlog/hot_search.go:177.3,178.22 2 1
github.com/huanminabc/juhe-ai/backend-go-gateway/internal/auditlog/hot_search.go:178.22,180.4 1 1
github.com/huanminabc/juhe-ai/backend-go-gateway/internal/auditlog/hot_search.go:181.3,182.17 2 1
github.com/huanminabc/juhe-ai/backend-go-gateway/internal/auditlog/hot_search.go:182.17,184.4 1 1
github.com/huanminabc/juhe-ai/backend-go-gateway/internal/auditlog/hot_search.go:185.3,187.17 3 1
github.com/huanminabc/juhe-ai/backend-go-gateway/internal/auditlog/hot_search.go:187.17,188.12 1 1
github.com/huanminabc/juhe-ai/backend-go-gateway/internal/auditlog/hot_search.go:190.3,190.57 1 1
github.com/huanminabc/juhe-ai/backend-go-gateway/internal/auditlog/hot_search.go:190.57,194.4 3 1
github.com/huanminabc/juhe-ai/backend-go-gateway/internal/auditlog/hot_search.go:196.2,196.20 1 1
github.com/huanminabc/juhe-ai/backend-go-gateway/internal/auditlog/hot_search.go:199.53,200.55 1 1
github.com/huanminabc/juhe-ai/backend-go-gateway/internal/auditlog/hot_search.go:200.55,201.25 1 1
github.com/huanminabc/juhe-ai/backend-go-gateway/internal/auditlog/hot_search.go:201.25,203.4 1 1
github.com/huanminabc/juhe-ai/backend-go-gateway/internal/auditlog/hot_search.go:205.2,205.14 1 1
github.com/huanminabc/juhe-ai/backend-go-gateway/internal/auditlog/hot_search.go:208.53,211.68 3 1
github.com/huanminabc/juhe-ai/backend-go-gateway/internal/auditlog/hot_search.go:211.68,213.3 1 1
github.com/huanminabc/juhe-ai/backend-go-gateway/internal/auditlog/hot_search.go:214.2,214.34 1 1
github.com/huanminabc/juhe-ai/backend-go-gateway/internal/auditlog/hot_search.go:214.34,216.3 1 1
github.com/huanminabc/juhe-ai/backend-go-gateway/internal/auditlog/hot_search.go:217.2,217.41 1 1
github.com/huanminabc/juhe-ai/backend-go-gateway/internal/auditlog/hot_search.go:217.41,219.40 2 1
github.com/huanminabc/juhe-ai/backend-go-gateway/internal/auditlog/hot_search.go:219.40,221.4 1 1
github.com/huanminabc/juhe-ai/backend-go-gateway/internal/auditlog/hot_search.go:223.2,223.41 1 1
github.com/huanminabc/juhe-ai/backend-go-gateway/internal/auditlog/hot_search.go:223.41,225.38 2 1
github.com/huanminabc/juhe-ai/backend-go-gateway/internal/auditlog/hot_search.go:225.38,227.4 1 1
github.com/huanminabc/juhe-ai/backend-go-gateway/internal/auditlog/hot_search.go:228.3,228.29 1 1
github.com/huanminabc/juhe-ai/backend-go-gateway/internal/auditlog/hot_search.go:228.29,229.65 1 1
github.com/huanminabc/juhe-ai/backend-go-gateway/internal/auditlog/hot_search.go:229.65,231.5 1 1
github.com/huanminabc/juhe-ai/backend-go-gateway/internal/auditlog/hot_search.go:233.3,233.49 1 1
github.com/huanminabc/juhe-ai/backend-go-gateway/internal/auditlog/hot_search.go:233.49,235.4 1 1
github.com/huanminabc/juhe-ai/backend-go-gateway/internal/auditlog/hot_search.go:237.2,238.29 2 1
github.com/huanminabc/juhe-ai/backend-go-gateway/internal/auditlog/hot_search.go:238.29,239.36 1 1
github.com/huanminabc/juhe-ai/backend-go-gateway/internal/auditlog/hot_search.go:239.36,241.4 1 1
github.com/huanminabc/juhe-ai/backend-go-gateway/internal/auditlog/hot_search.go:243.2,243.36 1 1
github.com/huanminabc/juhe-ai/backend-go-gateway/internal/auditlog/hot_search.go:246.47,247.41 1 1
github.com/huanminabc/juhe-ai/backend-go-gateway/internal/auditlog/hot_search.go:247.41,249.3 1 1
github.com/huanminabc/juhe-ai/backend-go-gateway/internal/auditlog/hot_search.go:250.2,251.20 2 1
github.com/huanminabc/juhe-ai/backend-go-gateway/internal/auditlog/hot_search.go:251.20,253.20 2 1
github.com/huanminabc/juhe-ai/backend-go-gateway/internal/auditlog/hot_search.go:253.20,255.4 1 1
github.com/huanminabc/juhe-ai/backend-go-gateway/internal/auditlog/hot_search.go:256.3,257.18 2 1
github.com/huanminabc/juhe-ai/backend-go-gateway/internal/auditlog/hot_search.go:259.2,259.15 1 1
github.com/huanminabc/juhe-ai/backend-go-gateway/internal/auditlog/hot_search.go:262.47,264.2 1 1
github.com/huanminabc/juhe-ai/backend-go-gateway/internal/auditlog/hot_search.go:267.108,268.9 1 1
github.com/huanminabc/juhe-ai/backend-go-gateway/internal/auditlog/hot_search.go:269.20,270.38 1 1
github.com/huanminabc/juhe-ai/backend-go-gateway/internal/auditlog/hot_search.go:271.10,271.10 0 1
github.com/huanminabc/juhe-ai/backend-go-gateway/internal/auditlog/hot_search.go:273.2,273.32 1 1
github.com/huanminabc/juhe-ai/backend-go-gateway/internal/auditlog/hot_search.go:273.32,275.3 1 1
github.com/huanminabc/juhe-ai/backend-go-gateway/internal/auditlog/hot_search.go:276.2,277.24 2 1
github.com/huanminabc/juhe-ai/backend-go-gateway/internal/auditlog/hot_search.go:277.24,279.3 1 1
github.com/huanminabc/juhe-ai/backend-go-gateway/internal/auditlog/hot_search.go:280.2,282.36 3 1
github.com/huanminabc/juhe-ai/backend-go-gateway/internal/auditlog/hot_search.go:282.36,284.3 1 1
github.com/huanminabc/juhe-ai/backend-go-gateway/internal/auditlog/hot_search.go:285.2,286.20 2 1
github.com/huanminabc/juhe-ai/backend-go-gateway/internal/auditlog/hot_search.go:286.20,288.3 1 0
github.com/huanminabc/juhe-ai/backend-go-gateway/internal/auditlog/hot_search.go:289.2,289.22 1 1
github.com/huanminabc/juhe-ai/backend-go-gateway/internal/auditlog/hot_search.go:289.22,291.3 1 1
github.com/huanminabc/juhe-ai/backend-go-gateway/internal/auditlog/hot_search.go:292.2,293.16 2 1
github.com/huanminabc/juhe-ai/backend-go-gateway/internal/auditlog/hot_search.go:293.16,295.3 1 1
github.com/huanminabc/juhe-ai/backend-go-gateway/internal/auditlog/hot_search.go:296.2,296.31 1 1
github.com/huanminabc/juhe-ai/backend-go-gateway/internal/auditlog/hot_search.go:296.31,298.3 1 0
github.com/huanminabc/juhe-ai/backend-go-gateway/internal/auditlog/hot_search.go:299.2,300.19 2 1
github.com/huanminabc/juhe-ai/backend-go-gateway/internal/auditlog/hot_search.go:300.19,302.3 1 1
github.com/huanminabc/juhe-ai/backend-go-gateway/internal/auditlog/hot_search.go:303.2,304.19 2 1
github.com/huanminabc/juhe-ai/backend-go-gateway/internal/auditlog/hot_search.go:304.19,306.3 1 1
github.com/huanminabc/juhe-ai/backend-go-gateway/internal/auditlog/hot_search.go:307.2,308.16 2 1
github.com/huanminabc/juhe-ai/backend-go-gateway/internal/auditlog/hot_search.go:308.16,310.3 1 0
github.com/huanminabc/juhe-ai/backend-go-gateway/internal/auditlog/hot_search.go:311.2,314.33 4 1
github.com/huanminabc/juhe-ai/backend-go-gateway/internal/auditlog/hot_search.go:314.33,316.17 2 1
github.com/huanminabc/juhe-ai/backend-go-gateway/internal/auditlog/hot_search.go:316.17,318.4 1 0
github.com/huanminabc/juhe-ai/backend-go-gateway/internal/auditlog/hot_search.go:319.3,320.28 2 1
github.com/huanminabc/juhe-ai/backend-go-gateway/internal/auditlog/hot_search.go:320.28,322.9 2 0
github.com/huanminabc/juhe-ai/backend-go-gateway/internal/auditlog/hot_search.go:325.2,330.29 3 1
github.com/huanminabc/juhe-ai/backend-go-gateway/internal/auditlog/hot_search.go:330.29,332.3 1 1
github.com/huanminabc/juhe-ai/backend-go-gateway/internal/auditlog/hot_search.go:333.2,333.42 1 1
github.com/huanminabc/juhe-ai/backend-go-gateway/internal/auditlog/hot_search.go:333.42,334.45 1 1
github.com/huanminabc/juhe-ai/backend-go-gateway/internal/auditlog/hot_search.go:334.45,336.4 1 1
github.com/huanminabc/juhe-ai/backend-go-gateway/internal/auditlog/hot_search.go:337.3,337.48 1 0
github.com/huanminabc/juhe-ai/backend-go-gateway/internal/auditlog/hot_search.go:339.2,339.26 1 1
github.com/huanminabc/juhe-ai/backend-go-gateway/internal/auditlog/hot_search.go:339.26,342.3 2 1
github.com/huanminabc/juhe-ai/backend-go-gateway/internal/auditlog/hot_search.go:343.2,344.31 2 1
github.com/huanminabc/juhe-ai/backend-go-gateway/internal/auditlog/hot_search.go:344.31,346.3 1 1
github.com/huanminabc/juhe-ai/backend-go-gateway/internal/auditlog/hot_search.go:347.2,347.95 1 1
github.com/huanminabc/juhe-ai/backend-go-gateway/internal/auditlog/hot_search.go:350.53,353.31 3 1
github.com/huanminabc/juhe-ai/backend-go-gateway/internal/auditlog/hot_search.go:353.31,356.44 3 1
github.com/huanminabc/juhe-ai/backend-go-gateway/internal/auditlog/hot_search.go:356.44,358.4 1 1
github.com/huanminabc/juhe-ai/backend-go-gateway/internal/auditlog/hot_search.go:359.3,359.29 1 1
github.com/huanminabc/juhe-ai/backend-go-gateway/internal/auditlog/hot_search.go:359.29,360.12 1 1
github.com/huanminabc/juhe-ai/backend-go-gateway/internal/auditlog/hot_search.go:362.3,363.29 2 1
github.com/huanminabc/juhe-ai/backend-go-gateway/internal/auditlog/hot_search.go:363.29,364.12 1 1
github.com/huanminabc/juhe-ai/backend-go-gateway/internal/auditlog/hot_search.go:366.3,368.42 3 1
github.com/huanminabc/juhe-ai/backend-go-gateway/internal/auditlog/hot_search.go:368.42,369.9 1 1
github.com/huanminabc/juhe-ai/backend-go-gateway/internal/auditlog/hot_search.go:372.2,372.15 1 1
github.com/huanminabc/juhe-ai/backend-go-gateway/internal/auditlog/hot_search.go:375.99,377.36 2 1
github.com/huanminabc/juhe-ai/backend-go-gateway/internal/auditlog/hot_search.go:377.36,379.3 1 1
github.com/huanminabc/juhe-ai/backend-go-gateway/internal/auditlog/hot_search.go:380.2,380.16 1 1
github.com/huanminabc/juhe-ai/backend-go-gateway/internal/auditlog/hot_search.go:380.16,382.3 1 0
github.com/huanminabc/juhe-ai/backend-go-gateway/internal/auditlog/hot_search.go:383.2,389.24 4 1
github.com/huanminabc/juhe-ai/backend-go-gateway/internal/auditlog/hot_search.go:389.24,391.3 1 0
github.com/huanminabc/juhe-ai/backend-go-gateway/internal/auditlog/hot_search.go:392.2,392.32 1 1
github.com/huanminabc/juhe-ai/backend-go-gateway/internal/auditlog/hot_search.go:392.32,393.32 1 1
github.com/huanminabc/juhe-ai/backend-go-gateway/internal/auditlog/hot_search.go:393.32,394.12 1 0
github.com/huanminabc/juhe-ai/backend-go-gateway/internal/auditlog/hot_search.go:396.3,397.10 2 1
github.com/huanminabc/juhe-ai/backend-go-gateway/internal/auditlog/hot_search.go:397.10,398.12 1 1
github.com/huanminabc/juhe-ai/backend-go-gateway/internal/auditlog/hot_search.go:400.3,400.69 1 1
github.com/huanminabc/juhe-ai/backend-go-gateway/internal/auditlog/hot_search.go:400.69,401.12 1 1
github.com/huanminabc/juhe-ai/backend-go-gateway/internal/auditlog/hot_search.go:403.3,403.106 1 1
github.com/huanminabc/juhe-ai/backend-go-gateway/internal/auditlog/hot_search.go:405.2,405.45 1 1
github.com/huanminabc/juhe-ai/backend-go-gateway/internal/auditlog/hot_search.go:405.45,405.104 1 1
github.com/huanminabc/juhe-ai/backend-go-gateway/internal/auditlog/hot_search.go:406.2,407.15 2 1
github.com/huanminabc/juhe-ai/backend-go-gateway/internal/auditlog/hot_search.go:407.15,409.3 1 1
github.com/huanminabc/juhe-ai/backend-go-gateway/internal/auditlog/hot_search.go:410.2,411.39 2 1
github.com/huanminabc/juhe-ai/backend-go-gateway/internal/auditlog/hot_search.go:411.39,413.3 1 1
github.com/huanminabc/juhe-ai/backend-go-gateway/internal/auditlog/hot_search.go:414.2,414.30 1 1
github.com/huanminabc/juhe-ai/backend-go-gateway/internal/auditlog/hot_search.go:417.58,418.100 1 1
github.com/huanminabc/juhe-ai/backend-go-gateway/internal/auditlog/hot_search.go:418.100,420.3 1 1
github.com/huanminabc/juhe-ai/backend-go-gateway/internal/auditlog/hot_search.go:421.2,422.22 2 1
github.com/huanminabc/juhe-ai/backend-go-gateway/internal/auditlog/hot_search.go:422.22,424.3 1 1
github.com/huanminabc/juhe-ai/backend-go-gateway/internal/auditlog/hot_search.go:425.2,426.31 2 1
github.com/huanminabc/juhe-ai/backend-go-gateway/internal/auditlog/hot_search.go:429.151,430.17 1 1
github.com/huanminabc/juhe-ai/backend-go-gateway/internal/auditlog/hot_search.go:430.17,432.3 1 1
github.com/huanminabc/juhe-ai/backend-go-gateway/internal/auditlog/hot_search.go:433.2,434.16 2 1
github.com/huanminabc/juhe-ai/backend-go-gateway/internal/auditlog/hot_search.go:434.16,436.3 1 1
github.com/huanminabc/juhe-ai/backend-go-gateway/internal/auditlog/hot_search.go:437.2,441.39 5 1
github.com/huanminabc/juhe-ai/backend-go-gateway/internal/auditlog/hot_search.go:441.39,443.10 2 1
github.com/huanminabc/juhe-ai/backend-go-gateway/internal/auditlog/hot_search.go:444.21,445.27 1 0
github.com/huanminabc/juhe-ai/backend-go-gateway/internal/auditlog/hot_search.go:446.11,446.11 0 1
github.com/huanminabc/juhe-ai/backend-go-gateway/internal/auditlog/hot_search.go:448.3,449.64 2 1
github.com/huanminabc/juhe-ai/backend-go-gateway/internal/auditlog/hot_search.go:449.64,450.12 1 0
github.com/huanminabc/juhe-ai/backend-go-gateway/internal/auditlog/hot_search.go:452.3,453.102 2 1
github.com/huanminabc/juhe-ai/backend-go-gateway/internal/auditlog/hot_search.go:453.102,454.12 1 1
github.com/huanminabc/juhe-ai/backend-go-gateway/internal/auditlog/hot_search.go:456.3,458.36 3 1
github.com/huanminabc/juhe-ai/backend-go-gateway/internal/auditlog/hot_search.go:458.36,459.39 1 1
github.com/huanminabc/juhe-ai/backend-go-gateway/internal/auditlog/hot_search.go:459.39,461.10 2 1
github.com/huanminabc/juhe-ai/backend-go-gateway/internal/auditlog/hot_search.go:464.3,464.14 1 1
github.com/huanminabc/juhe-ai/backend-go-gateway/internal/auditlog/hot_search.go:464.14,465.74 1 1
github.com/huanminabc/juhe-ai/backend-go-gateway/internal/auditlog/hot_search.go:465.74,467.5 1 1
github.com/huanminabc/juhe-ai/backend-go-gateway/internal/auditlog/hot_search.go:470.2,470.78 1 1
github.com/huanminabc/juhe-ai/backend-go-gateway/internal/auditlog/hot_search.go:470.78,472.3 1 0
github.com/huanminabc/juhe-ai/backend-go-gateway/internal/auditlog/hot_search.go:473.2,473.19 1 1
github.com/huanminabc/juhe-ai/backend-go-gateway/internal/auditlog/hot_search.go:476.95,478.36 2 1
github.com/huanminabc/juhe-ai/backend-go-gateway/internal/auditlog/hot_search.go:478.36,480.3 1 1
github.com/huanminabc/juhe-ai/backend-go-gateway/internal/auditlog/hot_search.go:481.2,481.16 1 1
github.com/huanminabc/juhe-ai/backend-go-gateway/internal/auditlog/hot_search.go:481.16,483.3 1 0
github.com/huanminabc/juhe-ai/backend-go-gateway/internal/auditlog/hot_search.go:484.2,485.44 2 1
github.com/huanminabc/juhe-ai/backend-go-gateway/internal/auditlog/hot_search.go:485.44,487.3 1 0
github.com/huanminabc/juhe-ai/backend-go-gateway/internal/auditlog/hot_search.go:488.2,488.32 1 1
github.com/huanminabc/juhe-ai/backend-go-gateway/internal/auditlog/hot_search.go:488.32,489.62 1 1
github.com/huanminabc/juhe-ai/backend-go-gateway/internal/auditlog/hot_search.go:489.62,490.12 1 0
github.com/huanminabc/juhe-ai/backend-go-gateway/internal/auditlog/hot_search.go:492.3,493.55 2 1
github.com/huanminabc/juhe-ai/backend-go-gateway/internal/auditlog/hot_search.go:493.55,494.12 1 1
github.com/huanminabc/juhe-ai/backend-go-gateway/internal/auditlog/hot_search.go:496.3,496.109 1 1
github.com/huanminabc/juhe-ai/backend-go-gateway/internal/auditlog/hot_search.go:496.109,498.4 1 0
github.com/huanminabc/juhe-ai/backend-go-gateway/internal/auditlog/hot_search.go:499.3,499.12 1 1
github.com/huanminabc/juhe-ai/backend-go-gateway/internal/auditlog/hot_search.go:501.2,501.21 1 1
github.com/huanminabc/juhe-ai/backend-go-gateway/internal/auditlog/legacy_migration.go:57.110,58.48 1 1
github.com/huanminabc/juhe-ai/backend-go-gateway/internal/auditlog/legacy_migration.go:58.48,60.3 1 1
github.com/huanminabc/juhe-ai/backend-go-gateway/internal/auditlog/legacy_migration.go:61.2,63.42 3 1
github.com/huanminabc/juhe-ai/backend-go-gateway/internal/auditlog/legacy_migration.go:63.42,65.3 1 1
github.com/huanminabc/juhe-ai/backend-go-gateway/internal/auditlog/legacy_migration.go:66.2,67.60 2 1
github.com/huanminabc/juhe-ai/backend-go-gateway/internal/auditlog/legacy_migration.go:67.60,69.3 1 0
github.com/huanminabc/juhe-ai/backend-go-gateway/internal/auditlog/legacy_migration.go:70.2,70.60 1 1
github.com/huanminabc/juhe-ai/backend-go-gateway/internal/auditlog/legacy_migration.go:70.60,72.3 1 0
github.com/huanminabc/juhe-ai/backend-go-gateway/internal/auditlog/legacy_migration.go:73.2,74.16 2 1
github.com/huanminabc/juhe-ai/backend-go-gateway/internal/auditlog/legacy_migration.go:74.16,76.3 1 0
github.com/huanminabc/juhe-ai/backend-go-gateway/internal/auditlog/legacy_migration.go:77.2,77.10 1 1
github.com/huanminabc/juhe-ai/backend-go-gateway/internal/auditlog/legacy_migration.go:77.10,79.3 1 1
github.com/huanminabc/juhe-ai/backend-go-gateway/internal/auditlog/legacy_migration.go:80.2,80.47 1 1
github.com/huanminabc/juhe-ai/backend-go-gateway/internal/auditlog/legacy_migration.go:80.47,82.3 1 1
github.com/huanminabc/juhe-ai/backend-go-gateway/internal/auditlog/legacy_migration.go:83.2,84.16 2 1
github.com/huanminabc/juhe-ai/backend-go-gateway/internal/auditlog/legacy_migration.go:84.16,86.3 1 0
github.com/huanminabc/juhe-ai/backend-go-gateway/internal/auditlog/legacy_migration.go:87.2,88.48 2 1
github.com/huanminabc/juhe-ai/backend-go-gateway/internal/auditlog/legacy_migration.go:88.48,90.3 1 0
github.com/huanminabc/juhe-ai/backend-go-gateway/internal/auditlog/legacy_migration.go:91.2,91.81 1 1
github.com/huanminabc/juhe-ai/backend-go-gateway/internal/auditlog/legacy_migration.go:91.81,93.3 1 0
github.com/huanminabc/juhe-ai/backend-go-gateway/internal/auditlog/legacy_migration.go:94.2,94.61 1 1
github.com/huanminabc/juhe-ai/backend-go-gateway/internal/auditlog/legacy_migration.go:94.61,96.3 1 1
github.com/huanminabc/juhe-ai/backend-go-gateway/internal/auditlog/legacy_migration.go:97.2,99.50 3 1
github.com/huanminabc/juhe-ai/backend-go-gateway/internal/auditlog/legacy_migration.go:99.50,101.3 1 1
github.com/huanminabc/juhe-ai/backend-go-gateway/internal/auditlog/legacy_migration.go:102.2,103.16 2 1
github.com/huanminabc/juhe-ai/backend-go-gateway/internal/auditlog/legacy_migration.go:103.16,105.3 1 0
github.com/huanminabc/juhe-ai/backend-go-gateway/internal/auditlog/legacy_migration.go:106.2,107.16 2 1
github.com/huanminabc/juhe-ai/backend-go-gateway/internal/auditlog/legacy_migration.go:107.16,109.3 1 0
github.com/huanminabc/juhe-ai/backend-go-gateway/internal/auditlog/legacy_migration.go:110.2,110.53 1 1
github.com/huanminabc/juhe-ai/backend-go-gateway/internal/auditlog/legacy_migration.go:110.53,112.3 1 1
github.com/huanminabc/juhe-ai/backend-go-gateway/internal/auditlog/legacy_migration.go:113.2,115.70 3 1
github.com/huanminabc/juhe-ai/backend-go-gateway/internal/auditlog/legacy_migration.go:115.70,117.3 1 1
github.com/huanminabc/juhe-ai/backend-go-gateway/internal/auditlog/legacy_migration.go:119.2,120.16 2 1
github.com/huanminabc/juhe-ai/backend-go-gateway/internal/auditlog/legacy_migration.go:120.16,122.3 1 0
github.com/huanminabc/juhe-ai/backend-go-gateway/internal/auditlog/legacy_migration.go:123.2,125.48 3 1
github.com/huanminabc/juhe-ai/backend-go-gateway/internal/auditlog/legacy_migration.go:125.48,127.3 1 0
github.com/huanminabc/juhe-ai/backend-go-gateway/internal/auditlog/legacy_migration.go:128.2,128.65 1 1
github.com/huanminabc/juhe-ai/backend-go-gateway/internal/auditlog/legacy_migration.go:128.65,130.3 1 0
github.com/huanminabc/juhe-ai/backend-go-gateway/internal/auditlog/legacy_migration.go:131.2,131.101 1 1
github.com/huanminabc/juhe-ai/backend-go-gateway/internal/auditlog/legacy_migration.go:131.101,133.3 1 0
github.com/huanminabc/juhe-ai/backend-go-gateway/internal/auditlog/legacy_migration.go:134.2,135.15 2 1
github.com/huanminabc/juhe-ai/backend-go-gateway/internal/auditlog/legacy_migration.go:135.15,136.15 1 1
github.com/huanminabc/juhe-ai/backend-go-gateway/internal/auditlog/legacy_migration.go:136.15,138.4 1 1
github.com/huanminabc/juhe-ai/backend-go-gateway/internal/auditlog/legacy_migration.go:141.2,142.16 2 1
github.com/huanminabc/juhe-ai/backend-go-gateway/internal/auditlog/legacy_migration.go:142.16,144.3 1 0
github.com/huanminabc/juhe-ai/backend-go-gateway/internal/auditlog/legacy_migration.go:145.2,147.42 3 1
github.com/huanminabc/juhe-ai/backend-go-gateway/internal/auditlog/legacy_migration.go:147.42,149.55 2 1
github.com/huanminabc/juhe-ai/backend-go-gateway/internal/auditlog/legacy_migration.go:149.55,151.4 1 1
github.com/huanminabc/juhe-ai/backend-go-gateway/internal/auditlog/legacy_migration.go:152.3,153.134 2 1
github.com/huanminabc/juhe-ai/backend-go-gateway/internal/auditlog/legacy_migration.go:153.134,155.4 1 0
github.com/huanminabc/juhe-ai/backend-go-gateway/internal/auditlog/legacy_migration.go:156.3,156.120 1 1
github.com/huanminabc/juhe-ai/backend-go-gateway/internal/auditlog/legacy_migration.go:156.120,158.4 1 0
github.com/huanminabc/juhe-ai/backend-go-gateway/internal/auditlog/legacy_migration.go:159.3,159.33 1 1
github.com/huanminabc/juhe-ai/backend-go-gateway/internal/auditlog/legacy_migration.go:159.33,161.4 1 1
github.com/huanminabc/juhe-ai/backend-go-gateway/internal/auditlog/legacy_migration.go:162.3,163.224 2 1
github.com/huanminabc/juhe-ai/backend-go-gateway/internal/auditlog/legacy_migration.go:163.224,165.4 1 0
github.com/huanminabc/juhe-ai/backend-go-gateway/internal/auditlog/legacy_migration.go:166.3,166.19 1 1
github.com/huanminabc/juhe-ai/backend-go-gateway/internal/auditlog/legacy_migration.go:166.19,168.4 1 0
github.com/huanminabc/juhe-ai/backend-go-gateway/internal/auditlog/legacy_migration.go:169.3,170.217 2 1
github.com/huanminabc/juhe-ai/backend-go-gateway/internal/auditlog/legacy_migration.go:170.217,172.4 1 0
github.com/huanminabc/juhe-ai/backend-go-gateway/internal/auditlog/legacy_migration.go:173.3,173.22 1 1
github.com/huanminabc/juhe-ai/backend-go-gateway/internal/auditlog/legacy_migration.go:173.22,175.4 1 1
github.com/huanminabc/juhe-ai/backend-go-gateway/internal/auditlog/legacy_migration.go:176.3,176.47 1 1
github.com/huanminabc/juhe-ai/backend-go-gateway/internal/auditlog/legacy_migration.go:178.2,178.94 1 1
github.com/huanminabc/juhe-ai/backend-go-gateway/internal/auditlog/legacy_migration.go:178.94,180.3 1 0
github.com/huanminabc/juhe-ai/backend-go-gateway/internal/auditlog/legacy_migration.go:181.2,181.97 1 1
github.com/huanminabc/juhe-ai/backend-go-gateway/internal/auditlog/legacy_migration.go:181.97,183.3 1 1
github.com/huanminabc/juhe-ai/backend-go-gateway/internal/auditlog/legacy_migration.go:184.2,184.88 1 1
github.com/huanminabc/juhe-ai/backend-go-gateway/internal/auditlog/legacy_migration.go:184.88,186.3 1 0
github.com/huanminabc/juhe-ai/backend-go-gateway/internal/auditlog/legacy_migration.go:187.2,187.91 1 1
github.com/huanminabc/juhe-ai/backend-go-gateway/internal/auditlog/legacy_migration.go:187.91,189.3 1 0
github.com/huanminabc/juhe-ai/backend-go-gateway/internal/auditlog/legacy_migration.go:190.2,190.36 1 1
github.com/huanminabc/juhe-ai/backend-go-gateway/internal/auditlog/legacy_migration.go:190.36,192.3 1 0
github.com/huanminabc/juhe-ai/backend-go-gateway/internal/auditlog/legacy_migration.go:193.2,193.59 1 1
github.com/huanminabc/juhe-ai/backend-go-gateway/internal/auditlog/legacy_migration.go:193.59,195.3 1 1
github.com/huanminabc/juhe-ai/backend-go-gateway/internal/auditlog/legacy_migration.go:196.2,196.85 1 1
github.com/huanminabc/juhe-ai/backend-go-gateway/internal/auditlog/legacy_migration.go:196.85,198.3 1 1
github.com/huanminabc/juhe-ai/backend-go-gateway/internal/auditlog/legacy_migration.go:199.2,199.84 1 1
github.com/huanminabc/juhe-ai/backend-go-gateway/internal/auditlog/legacy_migration.go:199.84,201.3 1 0
github.com/huanminabc/juhe-ai/backend-go-gateway/internal/auditlog/legacy_migration.go:202.2,202.75 1 1
github.com/huanminabc/juhe-ai/backend-go-gateway/internal/auditlog/legacy_migration.go:202.75,204.3 1 0
github.com/huanminabc/juhe-ai/backend-go-gateway/internal/auditlog/legacy_migration.go:205.2,205.69 1 1
github.com/huanminabc/juhe-ai/backend-go-gateway/internal/auditlog/legacy_migration.go:205.69,207.3 1 0
github.com/huanminabc/juhe-ai/backend-go-gateway/internal/auditlog/legacy_migration.go:208.2,210.20 3 1
github.com/huanminabc/juhe-ai/backend-go-gateway/internal/auditlog/legacy_migration.go:213.47,214.31 1 1
github.com/huanminabc/juhe-ai/backend-go-gateway/internal/auditlog/legacy_migration.go:214.31,216.3 1 1
github.com/huanminabc/juhe-ai/backend-go-gateway/internal/auditlog/legacy_migration.go:217.2,217.54 1 0
github.com/huanminabc/juhe-ai/backend-go-gateway/internal/auditlog/legacy_migration.go:220.44,222.16 2 1
github.com/huanminabc/juhe-ai/backend-go-gateway/internal/auditlog/legacy_migration.go:222.16,224.3 1 0
github.com/huanminabc/juhe-ai/backend-go-gateway/internal/auditlog/legacy_migration.go:225.2,225.25 1 1
github.com/huanminabc/juhe-ai/backend-go-gateway/internal/auditlog/legacy_migration.go:227.42,229.16 2 1
github.com/huanminabc/juhe-ai/backend-go-gateway/internal/auditlog/legacy_migration.go:229.16,231.3 1 0
github.com/huanminabc/juhe-ai/backend-go-gateway/internal/auditlog/legacy_migration.go:232.2,232.12 1 1
github.com/huanminabc/juhe-ai/backend-go-gateway/internal/auditlog/legacy_migration.go:235.69,236.42 1 1
github.com/huanminabc/juhe-ai/backend-go-gateway/internal/auditlog/legacy_migration.go:236.42,238.137 2 1
github.com/huanminabc/juhe-ai/backend-go-gateway/internal/auditlog/legacy_migration.go:238.137,240.4 1 1
github.com/huanminabc/juhe-ai/backend-go-gateway/internal/auditlog/legacy_migration.go:242.2,242.12 1 1
github.com/huanminabc/juhe-ai/backend-go-gateway/internal/auditlog/legacy_migration.go:245.83,247.88 2 1
github.com/huanminabc/juhe-ai/backend-go-gateway/internal/auditlog/legacy_migration.go:247.88,249.3 1 1
github.com/huanminabc/juhe-ai/backend-go-gateway/internal/auditlog/legacy_migration.go:250.2,250.57 1 1
github.com/huanminabc/juhe-ai/backend-go-gateway/internal/auditlog/legacy_migration.go:250.57,252.3 1 0
github.com/huanminabc/juhe-ai/backend-go-gateway/internal/auditlog/legacy_migration.go:253.2,253.12 1 1
github.com/huanminabc/juhe-ai/backend-go-gateway/internal/auditlog/legacy_migration.go:256.75,257.35 1 1
github.com/huanminabc/juhe-ai/backend-go-gateway/internal/auditlog/legacy_migration.go:257.35,259.3 1 1
github.com/huanminabc/juhe-ai/backend-go-gateway/internal/auditlog/legacy_migration.go:260.2,261.16 2 1
github.com/huanminabc/juhe-ai/backend-go-gateway/internal/auditlog/legacy_migration.go:261.16,263.3 1 0
github.com/huanminabc/juhe-ai/backend-go-gateway/internal/auditlog/legacy_migration.go:264.2,265.18 2 1
github.com/huanminabc/juhe-ai/backend-go-gateway/internal/auditlog/legacy_migration.go:265.18,268.91 3 1
github.com/huanminabc/juhe-ai/backend-go-gateway/internal/auditlog/legacy_migration.go:268.91,270.4 1 0
github.com/huanminabc/juhe-ai/backend-go-gateway/internal/auditlog/legacy_migration.go:271.3,271.100 1 1
github.com/huanminabc/juhe-ai/backend-go-gateway/internal/auditlog/legacy_migration.go:271.100,273.4 1 1
github.com/huanminabc/juhe-ai/backend-go-gateway/internal/auditlog/legacy_migration.go:275.2,275.19 1 1
github.com/huanminabc/juhe-ai/backend-go-gateway/internal/auditlog/legacy_migration.go:278.80,280.16 2 1
github.com/huanminabc/juhe-ai/backend-go-gateway/internal/auditlog/legacy_migration.go:280.16,282.3 1 0
github.com/huanminabc/juhe-ai/backend-go-gateway/internal/auditlog/legacy_migration.go:283.2,284.18 2 1
github.com/huanminabc/juhe-ai/backend-go-gateway/internal/auditlog/legacy_migration.go:284.18,287.91 3 1
github.com/huanminabc/juhe-ai/backend-go-gateway/internal/auditlog/legacy_migration.go:287.91,289.4 1 0
github.com/huanminabc/juhe-ai/backend-go-gateway/internal/auditlog/legacy_migration.go:290.3,290.100 1 1
github.com/huanminabc/juhe-ai/backend-go-gateway/internal/auditlog/legacy_migration.go:290.100,292.4 1 0
github.com/huanminabc/juhe-ai/backend-go-gateway/internal/auditlog/legacy_migration.go:294.2,294.19 1 1
github.com/huanminabc/juhe-ai/backend-go-gateway/internal/auditlog/legacy_migration.go:297.121,298.70 1 1
github.com/huanminabc/juhe-ai/backend-go-gateway/internal/auditlog/legacy_migration.go:298.70,300.3 1 1
github.com/huanminabc/juhe-ai/backend-go-gateway/internal/auditlog/legacy_migration.go:301.2,303.27 3 1
github.com/huanminabc/juhe-ai/backend-go-gateway/internal/auditlog/legacy_migration.go:303.27,305.3 1 0
github.com/huanminabc/juhe-ai/backend-go-gateway/internal/auditlog/legacy_migration.go:306.2,307.16 2 1
github.com/huanminabc/juhe-ai/backend-go-gateway/internal/auditlog/legacy_migration.go:307.16,309.3 1 1
github.com/huanminabc/juhe-ai/backend-go-gateway/internal/auditlog/legacy_migration.go:310.2,310.40 1 1
github.com/huanminabc/juhe-ai/backend-go-gateway/internal/auditlog/legacy_migration.go:310.40,312.3 1 1
github.com/huanminabc/juhe-ai/backend-go-gateway/internal/auditlog/legacy_migration.go:313.2,314.44 2 1
github.com/huanminabc/juhe-ai/backend-go-gateway/internal/auditlog/legacy_migration.go:314.44,316.17 2 1
github.com/huanminabc/juhe-ai/backend-go-gateway/internal/auditlog/legacy_migration.go:316.17,318.4 1 1
github.com/huanminabc/juhe-ai/backend-go-gateway/internal/auditlog/legacy_migration.go:319.3,321.17 3 1
github.com/huanminabc/juhe-ai/backend-go-gateway/internal/auditlog/legacy_migration.go:321.17,323.4 1 1
github.com/huanminabc/juhe-ai/backend-go-gateway/internal/auditlog/legacy_migration.go:324.8,324.73 1 1
github.com/huanminabc/juhe-ai/backend-go-gateway/internal/auditlog/legacy_migration.go:324.73,326.3 1 1
github.com/huanminabc/juhe-ai/backend-go-gateway/internal/auditlog/legacy_migration.go:327.2,327.32 1 1
github.com/huanminabc/juhe-ai/backend-go-gateway/internal/auditlog/legacy_migration.go:327.32,329.3 1 1
github.com/huanminabc/juhe-ai/backend-go-gateway/internal/auditlog/legacy_migration.go:330.2,331.60 2 1
github.com/huanminabc/juhe-ai/backend-go-gateway/internal/auditlog/legacy_migration.go:331.60,333.3 1 1
github.com/huanminabc/juhe-ai/backend-go-gateway/internal/auditlog/legacy_migration.go:334.2,334.18 1 1
github.com/huanminabc/juhe-ai/backend-go-gateway/internal/auditlog/legacy_migration.go:337.92,339.16 2 1
github.com/huanminabc/juhe-ai/backend-go-gateway/internal/auditlog/legacy_migration.go:339.16,341.3 1 0
github.com/huanminabc/juhe-ai/backend-go-gateway/internal/auditlog/legacy_migration.go:342.2,343.18 2 1
github.com/huanminabc/juhe-ai/backend-go-gateway/internal/auditlog/legacy_migration.go:343.18,346.91 3 1
github.com/huanminabc/juhe-ai/backend-go-gateway/internal/auditlog/legacy_migration.go:346.91,348.4 1 0
github.com/huanminabc/juhe-ai/backend-go-gateway/internal/auditlog/legacy_migration.go:349.3,350.17 2 1
github.com/huanminabc/juhe-ai/backend-go-gateway/internal/auditlog/legacy_migration.go:350.17,352.4 1 0
github.com/huanminabc/juhe-ai/backend-go-gateway/internal/auditlog/legacy_migration.go:353.3,354.60 2 1
github.com/huanminabc/juhe-ai/backend-go-gateway/internal/auditlog/legacy_migration.go:354.60,355.36 1 1
github.com/huanminabc/juhe-ai/backend-go-gateway/internal/auditlog/legacy_migration.go:355.36,357.5 1 1
github.com/huanminabc/juhe-ai/backend-go-gateway/internal/auditlog/legacy_migration.go:358.4,358.12 1 1
github.com/huanminabc/juhe-ai/backend-go-gateway/internal/auditlog/legacy_migration.go:359.9,359.45 1 1
github.com/huanminabc/juhe-ai/backend-go-gateway/internal/auditlog/legacy_migration.go:359.45,361.4 1 0
github.com/huanminabc/juhe-ai/backend-go-gateway/internal/auditlog/legacy_migration.go:362.3,362.71 1 1
github.com/huanminabc/juhe-ai/backend-go-gateway/internal/auditlog/legacy_migration.go:362.71,364.4 1 0
github.com/huanminabc/juhe-ai/backend-go-gateway/internal/auditlog/legacy_migration.go:365.3,366.17 2 1
github.com/huanminabc/juhe-ai/backend-go-gateway/internal/auditlog/legacy_migration.go:366.17,368.4 1 0
github.com/huanminabc/juhe-ai/backend-go-gateway/internal/auditlog/legacy_migration.go:369.3,370.43 2 1
github.com/huanminabc/juhe-ai/backend-go-gateway/internal/auditlog/legacy_migration.go:370.43,372.4 1 1
github.com/huanminabc/juhe-ai/backend-go-gateway/internal/auditlog/legacy_migration.go:373.3,373.42 1 1
github.com/huanminabc/juhe-ai/backend-go-gateway/internal/auditlog/legacy_migration.go:373.42,375.4 1 1
github.com/huanminabc/juhe-ai/backend-go-gateway/internal/auditlog/legacy_migration.go:376.3,376.17 1 1
github.com/huanminabc/juhe-ai/backend-go-gateway/internal/auditlog/legacy_migration.go:376.17,378.4 1 1
github.com/huanminabc/juhe-ai/backend-go-gateway/internal/auditlog/legacy_migration.go:379.3,379.17 1 1
github.com/huanminabc/juhe-ai/backend-go-gateway/internal/auditlog/legacy_migration.go:379.17,382.4 2 0
github.com/huanminabc/juhe-ai/backend-go-gateway/internal/auditlog/legacy_migration.go:384.2,384.19 1 1
github.com/huanminabc/juhe-ai/backend-go-gateway/internal/auditlog/legacy_migration.go:387.91,394.31 2 1
github.com/huanminabc/juhe-ai/backend-go-gateway/internal/auditlog/legacy_migration.go:394.31,396.74 2 1
github.com/huanminabc/juhe-ai/backend-go-gateway/internal/auditlog/legacy_migration.go:396.74,398.4 1 0
github.com/huanminabc/juhe-ai/backend-go-gateway/internal/auditlog/legacy_migration.go:399.3,399.17 1 1
github.com/huanminabc/juhe-ai/backend-go-gateway/internal/auditlog/legacy_migration.go:399.17,401.4 1 0
github.com/huanminabc/juhe-ai/backend-go-gateway/internal/auditlog/legacy_migration.go:403.2,403.12 1 1
github.com/huanminabc/juhe-ai/backend-go-gateway/internal/auditlog/legacy_migration.go:406.94,413.16 4 1
github.com/huanminabc/juhe-ai/backend-go-gateway/internal/auditlog/legacy_migration.go:413.16,415.3 1 0
github.com/huanminabc/juhe-ai/backend-go-gateway/internal/auditlog/legacy_migration.go:416.2,416.18 1 1
github.com/huanminabc/juhe-ai/backend-go-gateway/internal/auditlog/legacy_migration.go:416.18,418.3 1 1
github.com/huanminabc/juhe-ai/backend-go-gateway/internal/auditlog/legacy_migration.go:419.2,419.35 1 1
github.com/huanminabc/juhe-ai/backend-go-gateway/internal/auditlog/legacy_migration.go:419.35,422.3 2 0
github.com/huanminabc/juhe-ai/backend-go-gateway/internal/auditlog/legacy_migration.go:423.2,424.21 2 1
github.com/huanminabc/juhe-ai/backend-go-gateway/internal/auditlog/legacy_migration.go:424.21,426.3 1 1
github.com/huanminabc/juhe-ai/backend-go-gateway/internal/auditlog/legacy_migration.go:427.2,427.12 1 1
github.com/huanminabc/juhe-ai/backend-go-gateway/internal/auditlog/legacy_migration.go:430.73,433.2 2 1
github.com/huanminabc/juhe-ai/backend-go-gateway/internal/auditlog/owner.go:47.139,48.14 1 1
github.com/huanminabc/juhe-ai/backend-go-gateway/internal/auditlog/owner.go:48.14,50.3 1 0
github.com/huanminabc/juhe-ai/backend-go-gateway/internal/auditlog/owner.go:51.2,52.23 2 1
github.com/huanminabc/juhe-ai/backend-go-gateway/internal/auditlog/owner.go:52.23,54.3 1 1
github.com/huanminabc/juhe-ai/backend-go-gateway/internal/auditlog/owner.go:55.2,55.19 1 1
github.com/huanminabc/juhe-ai/backend-go-gateway/internal/auditlog/owner.go:55.19,57.3 1 1
github.com/huanminabc/juhe-ai/backend-go-gateway/internal/auditlog/owner.go:58.2,60.26 3 1
github.com/huanminabc/juhe-ai/backend-go-gateway/internal/auditlog/owner.go:64.42,68.2 3 1
github.com/huanminabc/juhe-ai/backend-go-gateway/internal/auditlog/owner.go:71.43,73.2 1 1
github.com/huanminabc/juhe-ai/backend-go-gateway/internal/auditlog/owner.go:76.46,78.2 1 1
github.com/huanminabc/juhe-ai/backend-go-gateway/internal/auditlog/owner.go:81.41,85.2 3 1
github.com/huanminabc/juhe-ai/backend-go-gateway/internal/auditlog/owner.go:87.35,89.28 2 1
github.com/huanminabc/juhe-ai/backend-go-gateway/internal/auditlog/owner.go:89.28,91.3 1 1
github.com/huanminabc/juhe-ai/backend-go-gateway/internal/auditlog/owner.go:92.2,94.6 3 1
github.com/huanminabc/juhe-ai/backend-go-gateway/internal/auditlog/owner.go:94.6,95.10 1 1
github.com/huanminabc/juhe-ai/backend-go-gateway/internal/auditlog/owner.go:96.19,97.10 1 1
github.com/huanminabc/juhe-ai/backend-go-gateway/internal/auditlog/owner.go:98.19,102.23 4 1
github.com/huanminabc/juhe-ai/backend-go-gateway/internal/auditlog/owner.go:102.23,105.5 2 1
github.com/huanminabc/juhe-ai/backend-go-gateway/internal/auditlog/owner.go:106.4,106.16 1 1
github.com/huanminabc/juhe-ai/backend-go-gateway/internal/auditlog/owner.go:106.16,109.5 2 1
github.com/huanminabc/juhe-ai/backend-go-gateway/internal/auditlog/owner.go:114.40,115.24 1 1
github.com/huanminabc/juhe-ai/backend-go-gateway/internal/auditlog/owner.go:115.24,120.3 4 1
github.com/huanminabc/juhe-ai/backend-go-gateway/internal/auditlog/owner.go:127.31,128.24 1 1
github.com/huanminabc/juhe-ai/backend-go-gateway/internal/auditlog/owner.go:128.24,129.24 1 1
github.com/huanminabc/juhe-ai/backend-go-gateway/internal/auditlog/owner.go:129.24,129.43 1 1
github.com/huanminabc/juhe-ai/backend-go-gateway/internal/auditlog/owner.go:130.3,130.27 1 1
github.com/huanminabc/juhe-ai/backend-go-gateway/internal/auditlog/owner.go:130.27,132.4 1 1
github.com/huanminabc/juhe-ai/backend-go-gateway/internal/auditlog/owner.go:133.3,135.74 3 1
github.com/huanminabc/juhe-ai/backend-go-gateway/internal/auditlog/owner.go:135.74,137.4 1 0
github.com/huanminabc/juhe-ai/backend-go-gateway/internal/auditlog/owner.go:145.109,146.54 1 1
github.com/huanminabc/juhe-ai/backend-go-gateway/internal/auditlog/owner.go:146.54,148.3 1 1
github.com/huanminabc/juhe-ai/backend-go-gateway/internal/auditlog/owner.go:149.2,150.19 2 1
github.com/huanminabc/juhe-ai/backend-go-gateway/internal/auditlog/owner.go:150.19,152.3 1 1
github.com/huanminabc/juhe-ai/backend-go-gateway/internal/auditlog/owner.go:156.2,159.15 4 1
github.com/huanminabc/juhe-ai/backend-go-gateway/internal/auditlog/owner.go:159.15,162.3 2 1
github.com/huanminabc/juhe-ai/backend-go-gateway/internal/auditlog/owner.go:163.2,163.6 1 1
github.com/huanminabc/juhe-ai/backend-go-gateway/internal/auditlog/owner.go:163.6,164.10 1 1
github.com/huanminabc/juhe-ai/backend-go-gateway/internal/auditlog/owner.go:165.21,166.14 1 1
github.com/huanminabc/juhe-ai/backend-go-gateway/internal/auditlog/owner.go:167.24,168.53 1 1
github.com/huanminabc/juhe-ai/backend-go-gateway/internal/auditlog/owner.go:168.53,170.5 1 1
github.com/huanminabc/juhe-ai/backend-go-gateway/internal/auditlog/owner.go:171.4,171.28 1 0
github.com/huanminabc/juhe-ai/backend-go-gateway/internal/auditlog/owner.go:172.32,173.65 1 0
github.com/huanminabc/juhe-ai/backend-go-gateway/internal/auditlog/owner.go:181.151,184.12 3 1
github.com/huanminabc/juhe-ai/backend-go-gateway/internal/auditlog/owner.go:184.12,185.16 1 1
github.com/huanminabc/juhe-ai/backend-go-gateway/internal/auditlog/owner.go:185.16,186.48 1 1
github.com/huanminabc/juhe-ai/backend-go-gateway/internal/auditlog/owner.go:186.48,188.5 1 0
github.com/huanminabc/juhe-ai/backend-go-gateway/internal/auditlog/owner.go:189.4,189.15 1 1
github.com/huanminabc/juhe-ai/backend-go-gateway/internal/auditlog/owner.go:191.3,193.7 3 1
github.com/huanminabc/juhe-ai/backend-go-gateway/internal/auditlog/owner.go:193.7,194.11 1 1
github.com/huanminabc/juhe-ai/backend-go-gateway/internal/auditlog/owner.go:195.22,196.11 1 1
github.com/huanminabc/juhe-ai/backend-go-gateway/internal/auditlog/owner.go:197.19,199.19 2 1
github.com/huanminabc/juhe-ai/backend-go-gateway/internal/auditlog/owner.go:199.19,201.14 2 1
github.com/huanminabc/juhe-ai/backend-go-gateway/internal/auditlog/owner.go:203.5,203.25 1 1
github.com/huanminabc/juhe-ai/backend-go-gateway/internal/auditlog/owner.go:203.25,205.6 1 0
github.com/huanminabc/juhe-ai/backend-go-gateway/internal/auditlog/owner.go:206.5,206.42 1 1
github.com/huanminabc/juhe-ai/backend-go-gateway/internal/auditlog/owner.go:206.42,209.6 2 0
github.com/huanminabc/juhe-ai/backend-go-gateway/internal/auditlog/owner.go:210.5,212.11 3 1
github.com/huanminabc/juhe-ai/backend-go-gateway/internal/auditlog/owner.go:216.2,216.13 1 1
github.com/huanminabc/juhe-ai/backend-go-gateway/internal/auditlog/owner.go:219.79,220.18 1 1
github.com/huanminabc/juhe-ai/backend-go-gateway/internal/auditlog/owner.go:220.18,222.3 1 1
github.com/huanminabc/juhe-ai/backend-go-gateway/internal/auditlog/owner.go:223.2,223.9 1 1
github.com/huanminabc/juhe-ai/backend-go-gateway/internal/auditlog/owner.go:224.20,224.20 0 1
github.com/huanminabc/juhe-ai/backend-go-gateway/internal/auditlog/owner.go:225.20,225.20 0 1
github.com/huanminabc/juhe-ai/backend-go-gateway/internal/auditlog/owner.go:226.10,226.10 0 1
github.com/huanminabc/juhe-ai/backend-go-gateway/internal/auditlog/owner.go:230.56,231.19 1 1
github.com/huanminabc/juhe-ai/backend-go-gateway/internal/auditlog/owner.go:231.19,233.3 1 1
github.com/huanminabc/juhe-ai/backend-go-gateway/internal/auditlog/owner.go:234.2,234.15 1 1
github.com/huanminabc/juhe-ai/backend-go-gateway/internal/auditlog/owner.go:237.61,238.20 1 1
github.com/huanminabc/juhe-ai/backend-go-gateway/internal/auditlog/owner.go:238.20,240.3 1 1
github.com/huanminabc/juhe-ai/backend-go-gateway/internal/auditlog/owner.go:241.2,241.15 1 1
github.com/huanminabc/juhe-ai/backend-go-gateway/internal/auditlog/producer.go:27.50,28.18 1 1
github.com/huanminabc/juhe-ai/backend-go-gateway/internal/auditlog/producer.go:28.18,30.3 1 1
github.com/huanminabc/juhe-ai/backend-go-gateway/internal/auditlog/producer.go:37.91,39.2 1 1
github.com/huanminabc/juhe-ai/backend-go-gateway/internal/auditlog/producer.go:46.49,47.32 1 1
github.com/huanminabc/juhe-ai/backend-go-gateway/internal/auditlog/producer.go:47.32,49.3 1 1
github.com/huanminabc/juhe-ai/backend-go-gateway/internal/auditlog/producer.go:50.2,50.12 1 1
github.com/huanminabc/juhe-ai/backend-go-gateway/internal/auditlog/producer.go:50.12,58.27 3 1
github.com/huanminabc/juhe-ai/backend-go-gateway/internal/auditlog/producer.go:58.27,62.30 4 1
github.com/huanminabc/juhe-ai/backend-go-gateway/internal/auditlog/producer.go:62.30,65.5 2 1
github.com/huanminabc/juhe-ai/backend-go-gateway/internal/auditlog/producer.go:67.3,68.17 2 1
github.com/huanminabc/juhe-ai/backend-go-gateway/internal/auditlog/producer.go:68.17,71.4 2 1
github.com/huanminabc/juhe-ai/backend-go-gateway/internal/auditlog/producer.go:72.3,72.21 1 1
github.com/huanminabc/juhe-ai/backend-go-gateway/internal/auditlog/producer.go:72.21,74.4 1 1
github.com/huanminabc/juhe-ai/backend-go-gateway/internal/auditlog/producer.go:75.3,75.90 1 1
github.com/huanminabc/juhe-ai/backend-go-gateway/internal/auditlog/producer.go:75.90,77.4 1 1
github.com/huanminabc/juhe-ai/backend-go-gateway/internal/auditlog/retention.go:20.125,22.16 2 1
github.com/huanminabc/juhe-ai/backend-go-gateway/internal/auditlog/retention.go:22.16,24.3 1 1
github.com/huanminabc/juhe-ai/backend-go-gateway/internal/auditlog/retention.go:25.2,25.44 1 1
github.com/huanminabc/juhe-ai/backend-go-gateway/internal/auditlog/retention.go:25.44,27.3 1 1
github.com/huanminabc/juhe-ai/backend-go-gateway/internal/auditlog/retention.go:28.2,28.26 1 1
github.com/huanminabc/juhe-ai/backend-go-gateway/internal/auditlog/retention.go:28.26,31.3 2 1
github.com/huanminabc/juhe-ai/backend-go-gateway/internal/auditlog/retention.go:32.2,33.16 2 1
github.com/huanminabc/juhe-ai/backend-go-gateway/internal/auditlog/retention.go:33.16,35.3 1 0
github.com/huanminabc/juhe-ai/backend-go-gateway/internal/auditlog/retention.go:36.2,37.56 2 1
github.com/huanminabc/juhe-ai/backend-go-gateway/internal/auditlog/retention.go:37.56,39.3 1 1
github.com/huanminabc/juhe-ai/backend-go-gateway/internal/auditlog/retention.go:41.2,43.41 3 1
github.com/huanminabc/juhe-ai/backend-go-gateway/internal/auditlog/retention.go:43.41,43.96 1 1
github.com/huanminabc/juhe-ai/backend-go-gateway/internal/auditlog/retention.go:45.2,48.16 4 1
github.com/huanminabc/juhe-ai/backend-go-gateway/internal/auditlog/retention.go:48.16,50.3 1 1
github.com/huanminabc/juhe-ai/backend-go-gateway/internal/auditlog/retention.go:51.2,52.16 2 1
github.com/huanminabc/juhe-ai/backend-go-gateway/internal/auditlog/retention.go:52.16,54.3 1 0
github.com/huanminabc/juhe-ai/backend-go-gateway/internal/auditlog/retention.go:55.2,56.16 2 1
github.com/huanminabc/juhe-ai/backend-go-gateway/internal/auditlog/retention.go:56.16,58.3 1 0
github.com/huanminabc/juhe-ai/backend-go-gateway/internal/auditlog/retention.go:59.2,60.18 2 1
github.com/huanminabc/juhe-ai/backend-go-gateway/internal/auditlog/retention.go:60.18,65.17 5 1
github.com/huanminabc/juhe-ai/backend-go-gateway/internal/auditlog/retention.go:65.17,67.4 1 0
github.com/huanminabc/juhe-ai/backend-go-gateway/internal/auditlog/retention.go:68.3,68.65 1 1
github.com/huanminabc/juhe-ai/backend-go-gateway/internal/auditlog/retention.go:68.65,70.4 1 1
github.com/huanminabc/juhe-ai/backend-go-gateway/internal/auditlog/retention.go:75.2,78.16 4 1
github.com/huanminabc/juhe-ai/backend-go-gateway/internal/auditlog/retention.go:78.16,80.3 1 0
github.com/huanminabc/juhe-ai/backend-go-gateway/internal/auditlog/retention.go:81.2,82.16 2 1
github.com/huanminabc/juhe-ai/backend-go-gateway/internal/auditlog/retention.go:82.16,84.3 1 0
github.com/huanminabc/juhe-ai/backend-go-gateway/internal/auditlog/retention.go:85.2,86.16 2 1
github.com/huanminabc/juhe-ai/backend-go-gateway/internal/auditlog/retention.go:86.16,88.3 1 0
github.com/huanminabc/juhe-ai/backend-go-gateway/internal/auditlog/retention.go:89.2,90.80 2 1
github.com/huanminabc/juhe-ai/backend-go-gateway/internal/auditlog/retention.go:90.80,92.3 1 0
github.com/huanminabc/juhe-ai/backend-go-gateway/internal/auditlog/retention.go:92.8,94.3 1 1
github.com/huanminabc/juhe-ai/backend-go-gateway/internal/auditlog/retention.go:96.2,99.16 4 1
github.com/huanminabc/juhe-ai/backend-go-gateway/internal/auditlog/retention.go:99.16,101.3 1 0
github.com/huanminabc/juhe-ai/backend-go-gateway/internal/auditlog/retention.go:102.2,103.16 2 1
github.com/huanminabc/juhe-ai/backend-go-gateway/internal/auditlog/retention.go:103.16,105.3 1 0
github.com/huanminabc/juhe-ai/backend-go-gateway/internal/auditlog/retention.go:106.2,107.16 2 1
github.com/huanminabc/juhe-ai/backend-go-gateway/internal/auditlog/retention.go:107.16,109.3 1 1
github.com/huanminabc/juhe-ai/backend-go-gateway/internal/auditlog/retention.go:110.2,111.74 2 1
github.com/huanminabc/juhe-ai/backend-go-gateway/internal/auditlog/retention.go:111.74,113.3 1 1
github.com/huanminabc/juhe-ai/backend-go-gateway/internal/auditlog/retention.go:113.8,115.3 1 1
github.com/huanminabc/juhe-ai/backend-go-gateway/internal/auditlog/retention.go:117.2,118.16 2 1
github.com/huanminabc/juhe-ai/backend-go-gateway/internal/auditlog/retention.go:118.16,120.3 1 0
github.com/huanminabc/juhe-ai/backend-go-gateway/internal/auditlog/retention.go:121.2,121.23 1 1
github.com/huanminabc/juhe-ai/backend-go-gateway/internal/auditlog/retention.go:121.23,124.17 3 1
github.com/huanminabc/juhe-ai/backend-go-gateway/internal/auditlog/retention.go:124.17,126.4 1 0
github.com/huanminabc/juhe-ai/backend-go-gateway/internal/auditlog/retention.go:127.3,127.65 1 1
github.com/huanminabc/juhe-ai/backend-go-gateway/internal/auditlog/retention.go:127.65,129.4 1 1
github.com/huanminabc/juhe-ai/backend-go-gateway/internal/auditlog/retention.go:134.2,136.16 3 1
github.com/huanminabc/juhe-ai/backend-go-gateway/internal/auditlog/retention.go:136.16,138.3 1 0
github.com/huanminabc/juhe-ai/backend-go-gateway/internal/auditlog/retention.go:139.2,139.72 1 1
github.com/huanminabc/juhe-ai/backend-go-gateway/internal/auditlog/retention.go:139.72,141.3 1 1
github.com/huanminabc/juhe-ai/backend-go-gateway/internal/auditlog/retention.go:143.2,146.16 4 1
github.com/huanminabc/juhe-ai/backend-go-gateway/internal/auditlog/retention.go:146.16,148.3 1 0
github.com/huanminabc/juhe-ai/backend-go-gateway/internal/auditlog/retention.go:149.2,150.66 2 1
github.com/huanminabc/juhe-ai/backend-go-gateway/internal/auditlog/retention.go:150.66,152.3 1 0
github.com/huanminabc/juhe-ai/backend-go-gateway/internal/auditlog/retention.go:153.2,153.36 1 1
github.com/huanminabc/juhe-ai/backend-go-gateway/internal/auditlog/retention.go:153.36,155.3 1 1
github.com/huanminabc/juhe-ai/backend-go-gateway/internal/auditlog/retention.go:156.2,158.16 3 1
github.com/huanminabc/juhe-ai/backend-go-gateway/internal/auditlog/retention.go:158.16,160.3 1 1
github.com/huanminabc/juhe-ai/backend-go-gateway/internal/auditlog/retention.go:161.2,161.20 1 1
github.com/huanminabc/juhe-ai/backend-go-gateway/internal/auditlog/retention.go:165.115,167.2 1 1
github.com/huanminabc/juhe-ai/backend-go-gateway/internal/auditlog/retention.go:172.80,173.140 1 1
github.com/huanminabc/juhe-ai/backend-go-gateway/internal/auditlog/retention.go:173.140,175.3 1 1
github.com/huanminabc/juhe-ai/backend-go-gateway/internal/auditlog/retention.go:176.2,176.58 1 1
github.com/huanminabc/juhe-ai/backend-go-gateway/internal/auditlog/retention.go:176.58,178.3 1 1
github.com/huanminabc/juhe-ai/backend-go-gateway/internal/auditlog/retention.go:179.2,179.27 1 1
github.com/huanminabc/juhe-ai/backend-go-gateway/internal/auditlog/retention.go:179.27,181.3 1 1
github.com/huanminabc/juhe-ai/backend-go-gateway/internal/auditlog/retention.go:182.2,182.29 1 1
github.com/huanminabc/juhe-ai/backend-go-gateway/internal/auditlog/retention.go:182.29,184.3 1 1
github.com/huanminabc/juhe-ai/backend-go-gateway/internal/auditlog/retention.go:185.2,185.45 1 1
github.com/huanminabc/juhe-ai/backend-go-gateway/internal/auditlog/retention.go:185.45,187.3 1 1
github.com/huanminabc/juhe-ai/backend-go-gateway/internal/auditlog/retention.go:188.2,188.49 1 1
github.com/huanminabc/juhe-ai/backend-go-gateway/internal/auditlog/retention.go:188.49,190.3 1 1
github.com/huanminabc/juhe-ai/backend-go-gateway/internal/auditlog/retention.go:191.2,191.20 1 1
github.com/huanminabc/juhe-ai/backend-go-gateway/internal/auditlog/retention.go:194.121,196.2 1 1
github.com/huanminabc/juhe-ai/backend-go-gateway/internal/auditlog/retention.go:203.146,205.19 2 1
github.com/huanminabc/juhe-ai/backend-go-gateway/internal/auditlog/retention.go:205.19,207.3 1 1
github.com/huanminabc/juhe-ai/backend-go-gateway/internal/auditlog/retention.go:208.2,208.65 1 1
github.com/huanminabc/juhe-ai/backend-go-gateway/internal/auditlog/retention.go:208.65,210.3 1 0
github.com/huanminabc/juhe-ai/backend-go-gateway/internal/auditlog/retention.go:211.2,214.16 4 1
github.com/huanminabc/juhe-ai/backend-go-gateway/internal/auditlog/retention.go:214.16,216.3 1 0
github.com/huanminabc/juhe-ai/backend-go-gateway/internal/auditlog/retention.go:217.2,219.18 3 1
github.com/huanminabc/juhe-ai/backend-go-gateway/internal/auditlog/retention.go:219.18,221.40 2 1
github.com/huanminabc/juhe-ai/backend-go-gateway/internal/auditlog/retention.go:221.40,223.4 1 0
github.com/huanminabc/juhe-ai/backend-go-gateway/internal/auditlog/retention.go:224.3,224.15 1 1
github.com/huanminabc/juhe-ai/backend-go-gateway/internal/auditlog/retention.go:224.15,226.4 1 1
github.com/huanminabc/juhe-ai/backend-go-gateway/internal/auditlog/retention.go:228.2,228.35 1 1
github.com/huanminabc/juhe-ai/backend-go-gateway/internal/auditlog/retention.go:228.35,230.3 1 0
github.com/huanminabc/juhe-ai/backend-go-gateway/internal/auditlog/retention.go:231.2,231.21 1 1
github.com/huanminabc/juhe-ai/backend-go-gateway/internal/auditlog/retention.go:234.141,236.39 2 1
github.com/huanminabc/juhe-ai/backend-go-gateway/internal/auditlog/retention.go:236.39,238.3 1 1
github.com/huanminabc/juhe-ai/backend-go-gateway/internal/auditlog/retention.go:239.2,242.16 4 1
github.com/huanminabc/juhe-ai/backend-go-gateway/internal/auditlog/retention.go:242.16,244.3 1 1
github.com/huanminabc/juhe-ai/backend-go-gateway/internal/auditlog/retention.go:245.2,247.18 3 1
github.com/huanminabc/juhe-ai/backend-go-gateway/internal/auditlog/retention.go:247.18,249.40 2 1
github.com/huanminabc/juhe-ai/backend-go-gateway/internal/auditlog/retention.go:249.40,251.4 1 0
github.com/huanminabc/juhe-ai/backend-go-gateway/internal/auditlog/retention.go:252.3,252.15 1 1
github.com/huanminabc/juhe-ai/backend-go-gateway/internal/auditlog/retention.go:252.15,254.4 1 1
github.com/huanminabc/juhe-ai/backend-go-gateway/internal/auditlog/retention.go:256.2,256.35 1 1
github.com/huanminabc/juhe-ai/backend-go-gateway/internal/auditlog/retention.go:256.35,258.3 1 0
github.com/huanminabc/juhe-ai/backend-go-gateway/internal/auditlog/retention.go:259.2,259.17 1 1
github.com/huanminabc/juhe-ai/backend-go-gateway/internal/auditlog/retention.go:262.127,263.19 1 1
github.com/huanminabc/juhe-ai/backend-go-gateway/internal/auditlog/retention.go:263.19,265.3 1 1
github.com/huanminabc/juhe-ai/backend-go-gateway/internal/auditlog/retention.go:266.2,266.65 1 1
github.com/huanminabc/juhe-ai/backend-go-gateway/internal/auditlog/retention.go:266.65,268.3 1 0
github.com/huanminabc/juhe-ai/backend-go-gateway/internal/auditlog/retention.go:269.2,272.16 4 1
github.com/huanminabc/juhe-ai/backend-go-gateway/internal/auditlog/retention.go:272.16,274.3 1 0
github.com/huanminabc/juhe-ai/backend-go-gateway/internal/auditlog/retention.go:275.2,276.18 2 1
github.com/huanminabc/juhe-ai/backend-go-gateway/internal/auditlog/retention.go:276.18,278.52 2 1
github.com/huanminabc/juhe-ai/backend-go-gateway/internal/auditlog/retention.go:278.52,281.4 2 0
github.com/huanminabc/juhe-ai/backend-go-gateway/internal/auditlog/retention.go:282.3,282.20 1 1
github.com/huanminabc/juhe-ai/backend-go-gateway/internal/auditlog/retention.go:282.20,284.4 1 0
github.com/huanminabc/juhe-ai/backend-go-gateway/internal/auditlog/retention.go:285.3,285.17 1 1
github.com/huanminabc/juhe-ai/backend-go-gateway/internal/auditlog/retention.go:285.17,287.4 1 1
github.com/huanminabc/juhe-ai/backend-go-gateway/internal/auditlog/retention.go:289.2,290.35 2 1
github.com/huanminabc/juhe-ai/backend-go-gateway/internal/auditlog/retention.go:290.35,292.3 1 0
github.com/huanminabc/juhe-ai/backend-go-gateway/internal/auditlog/retention.go:293.2,293.155 1 1
github.com/huanminabc/juhe-ai/backend-go-gateway/internal/auditlog/retention.go:293.155,295.3 1 1
github.com/huanminabc/juhe-ai/backend-go-gateway/internal/auditlog/retention.go:296.2,296.155 1 1
github.com/huanminabc/juhe-ai/backend-go-gateway/internal/auditlog/retention.go:296.155,298.3 1 1
github.com/huanminabc/juhe-ai/backend-go-gateway/internal/auditlog/retention.go:299.2,299.41 1 1
github.com/huanminabc/juhe-ai/backend-go-gateway/internal/auditlog/retention.go:302.101,303.19 1 1
github.com/huanminabc/juhe-ai/backend-go-gateway/internal/auditlog/retention.go:303.19,305.3 1 1
github.com/huanminabc/juhe-ai/backend-go-gateway/internal/auditlog/retention.go:306.2,306.65 1 1
github.com/huanminabc/juhe-ai/backend-go-gateway/internal/auditlog/retention.go:306.65,308.3 1 0
github.com/huanminabc/juhe-ai/backend-go-gateway/internal/auditlog/retention.go:309.2,310.16 2 1
github.com/huanminabc/juhe-ai/backend-go-gateway/internal/auditlog/retention.go:310.16,312.3 1 1
github.com/huanminabc/juhe-ai/backend-go-gateway/internal/auditlog/retention.go:313.2,313.30 1 1
github.com/huanminabc/juhe-ai/backend-go-gateway/internal/auditlog/retention.go:316.127,319.18 3 1
github.com/huanminabc/juhe-ai/backend-go-gateway/internal/auditlog/retention.go:319.18,322.3 2 1
github.com/huanminabc/juhe-ai/backend-go-gateway/internal/auditlog/retention.go:327.2,330.16 4 1
github.com/huanminabc/juhe-ai/backend-go-gateway/internal/auditlog/retention.go:330.16,332.3 1 0
github.com/huanminabc/juhe-ai/backend-go-gateway/internal/auditlog/retention.go:333.2,335.18 3 1
github.com/huanminabc/juhe-ai/backend-go-gateway/internal/auditlog/retention.go:335.18,337.61 2 1
github.com/huanminabc/juhe-ai/backend-go-gateway/internal/auditlog/retention.go:337.61,339.4 1 0
github.com/huanminabc/juhe-ai/backend-go-gateway/internal/auditlog/retention.go:340.3,340.31 1 1
github.com/huanminabc/juhe-ai/backend-go-gateway/internal/auditlog/retention.go:342.2,342.27 1 1
github.com/huanminabc/juhe-ai/backend-go-gateway/internal/auditlog/retention.go:349.111,350.39 1 1
github.com/huanminabc/juhe-ai/backend-go-gateway/internal/auditlog/retention.go:350.39,350.73 1 0
github.com/huanminabc/juhe-ai/backend-go-gateway/internal/auditlog/retention.go:351.2,351.27 1 1
github.com/huanminabc/juhe-ai/backend-go-gateway/internal/auditlog/retention.go:351.27,352.64 1 1
github.com/huanminabc/juhe-ai/backend-go-gateway/internal/auditlog/retention.go:352.64,354.4 1 0
github.com/huanminabc/juhe-ai/backend-go-gateway/internal/auditlog/retention.go:355.3,356.29 2 1
github.com/huanminabc/juhe-ai/backend-go-gateway/internal/auditlog/retention.go:356.29,358.4 1 1
github.com/huanminabc/juhe-ai/backend-go-gateway/internal/auditlog/retention.go:359.3,361.36 3 1
github.com/huanminabc/juhe-ai/backend-go-gateway/internal/auditlog/retention.go:361.36,362.12 1 0
github.com/huanminabc/juhe-ai/backend-go-gateway/internal/auditlog/retention.go:364.3,364.17 1 1
github.com/huanminabc/juhe-ai/backend-go-gateway/internal/auditlog/retention.go:364.17,366.4 1 0
github.com/huanminabc/juhe-ai/backend-go-gateway/internal/auditlog/retention.go:367.3,367.315 1 1
github.com/huanminabc/juhe-ai/backend-go-gateway/internal/auditlog/retention.go:367.315,369.4 1 1
github.com/huanminabc/juhe-ai/backend-go-gateway/internal/auditlog/retention.go:371.2,371.12 1 1
github.com/huanminabc/juhe-ai/backend-go-gateway/internal/auditlog/retention.go:374.111,377.16 3 1
github.com/huanminabc/juhe-ai/backend-go-gateway/internal/auditlog/retention.go:377.16,379.3 1 1
github.com/huanminabc/juhe-ai/backend-go-gateway/internal/auditlog/retention.go:380.2,381.18 2 1
github.com/huanminabc/juhe-ai/backend-go-gateway/internal/auditlog/retention.go:381.18,383.65 2 1
github.com/huanminabc/juhe-ai/backend-go-gateway/internal/auditlog/retention.go:383.65,386.4 2 0
github.com/huanminabc/juhe-ai/backend-go-gateway/internal/auditlog/retention.go:387.3,387.35 1 1
github.com/huanminabc/juhe-ai/backend-go-gateway/internal/auditlog/retention.go:389.2,389.35 1 1
github.com/huanminabc/juhe-ai/backend-go-gateway/internal/auditlog/retention.go:389.35,392.3 2 0
github.com/huanminabc/juhe-ai/backend-go-gateway/internal/auditlog/retention.go:393.2,393.37 1 1
github.com/huanminabc/juhe-ai/backend-go-gateway/internal/auditlog/retention.go:393.37,395.3 1 0
github.com/huanminabc/juhe-ai/backend-go-gateway/internal/auditlog/retention.go:397.2,398.31 2 1
github.com/huanminabc/juhe-ai/backend-go-gateway/internal/auditlog/retention.go:398.31,400.17 2 1
github.com/huanminabc/juhe-ai/backend-go-gateway/internal/auditlog/retention.go:400.17,402.4 1 1
github.com/huanminabc/juhe-ai/backend-go-gateway/internal/auditlog/retention.go:403.3,403.14 1 1
github.com/huanminabc/juhe-ai/backend-go-gateway/internal/auditlog/retention.go:403.14,405.4 1 1
github.com/huanminabc/juhe-ai/backend-go-gateway/internal/auditlog/retention.go:407.2,407.21 1 1
github.com/huanminabc/juhe-ai/backend-go-gateway/internal/auditlog/retention.go:410.124,412.16 2 1
github.com/huanminabc/juhe-ai/backend-go-gateway/internal/auditlog/retention.go:412.16,414.3 1 0
github.com/huanminabc/juhe-ai/backend-go-gateway/internal/auditlog/retention.go:415.2,416.56 2 1
github.com/huanminabc/juhe-ai/backend-go-gateway/internal/auditlog/retention.go:416.56,418.3 1 1
github.com/huanminabc/juhe-ai/backend-go-gateway/internal/auditlog/retention.go:419.2,419.71 1 1
github.com/huanminabc/juhe-ai/backend-go-gateway/internal/auditlog/retention.go:419.71,421.3 1 0
github.com/huanminabc/juhe-ai/backend-go-gateway/internal/auditlog/retention.go:423.2,425.35 3 1
github.com/huanminabc/juhe-ai/backend-go-gateway/internal/auditlog/retention.go:425.35,427.3 1 1
github.com/huanminabc/juhe-ai/backend-go-gateway/internal/auditlog/retention.go:428.2,428.16 1 1
github.com/huanminabc/juhe-ai/backend-go-gateway/internal/auditlog/retention.go:428.16,430.3 1 0
github.com/huanminabc/juhe-ai/backend-go-gateway/internal/auditlog/retention.go:432.2,434.16 3 1
github.com/huanminabc/juhe-ai/backend-go-gateway/internal/auditlog/retention.go:434.16,436.3 1 0
github.com/huanminabc/juhe-ai/backend-go-gateway/internal/auditlog/retention.go:437.2,437.16 1 1
github.com/huanminabc/juhe-ai/backend-go-gateway/internal/auditlog/retention.go:437.16,438.140 1 0
github.com/huanminabc/juhe-ai/backend-go-gateway/internal/auditlog/retention.go:438.140,440.4 1 0
github.com/huanminabc/juhe-ai/backend-go-gateway/internal/auditlog/retention.go:441.3,441.67 1 0
github.com/huanminabc/juhe-ai/backend-go-gateway/internal/auditlog/retention.go:441.67,443.4 1 0
github.com/huanminabc/juhe-ai/backend-go-gateway/internal/auditlog/retention.go:444.3,444.37 1 0
github.com/huanminabc/juhe-ai/backend-go-gateway/internal/auditlog/retention.go:444.37,446.4 1 0
github.com/huanminabc/juhe-ai/backend-go-gateway/internal/auditlog/retention.go:447.3,447.20 1 0
github.com/huanminabc/juhe-ai/backend-go-gateway/internal/auditlog/retention.go:450.2,452.16 3 1
github.com/huanminabc/juhe-ai/backend-go-gateway/internal/auditlog/retention.go:452.16,454.3 1 0
github.com/huanminabc/juhe-ai/backend-go-gateway/internal/auditlog/retention.go:455.2,455.62 1 1
github.com/huanminabc/juhe-ai/backend-go-gateway/internal/auditlog/retention.go:455.62,459.3 1 1
github.com/huanminabc/juhe-ai/backend-go-gateway/internal/auditlog/retention.go:460.2,460.12 1 1
github.com/huanminabc/juhe-ai/backend-go-gateway/internal/auditlog/retention.go:460.12,462.17 2 1
github.com/huanminabc/juhe-ai/backend-go-gateway/internal/auditlog/retention.go:462.17,464.4 1 0
github.com/huanminabc/juhe-ai/backend-go-gateway/internal/auditlog/retention.go:465.3,465.74 1 1
github.com/huanminabc/juhe-ai/backend-go-gateway/internal/auditlog/retention.go:465.74,467.4 1 0
github.com/huanminabc/juhe-ai/backend-go-gateway/internal/auditlog/retention.go:467.9,467.27 1 1
github.com/huanminabc/juhe-ai/backend-go-gateway/internal/auditlog/retention.go:467.27,469.4 1 0
github.com/huanminabc/juhe-ai/backend-go-gateway/internal/auditlog/retention.go:471.2,471.139 1 1
github.com/huanminabc/juhe-ai/backend-go-gateway/internal/auditlog/retention.go:471.139,473.3 1 0
github.com/huanminabc/juhe-ai/backend-go-gateway/internal/auditlog/retention.go:474.2,474.66 1 1
github.com/huanminabc/juhe-ai/backend-go-gateway/internal/auditlog/retention.go:474.66,476.3 1 0
github.com/huanminabc/juhe-ai/backend-go-gateway/internal/auditlog/retention.go:477.2,477.36 1 1
github.com/huanminabc/juhe-ai/backend-go-gateway/internal/auditlog/retention.go:477.36,479.3 1 0
github.com/huanminabc/juhe-ai/backend-go-gateway/internal/auditlog/retention.go:480.2,480.20 1 1
github.com/huanminabc/juhe-ai/backend-go-gateway/internal/auditlog/retention.go:483.52,484.41 1 1
github.com/huanminabc/juhe-ai/backend-go-gateway/internal/auditlog/retention.go:484.41,486.3 1 1
github.com/huanminabc/juhe-ai/backend-go-gateway/internal/auditlog/retention.go:487.2,488.16 2 1
github.com/huanminabc/juhe-ai/backend-go-gateway/internal/auditlog/retention.go:488.16,490.3 1 1
github.com/huanminabc/juhe-ai/backend-go-gateway/internal/auditlog/retention.go:491.2,491.75 1 1
github.com/huanminabc/juhe-ai/backend-go-gateway/internal/auditlog/retention.go:491.75,493.3 1 1
github.com/huanminabc/juhe-ai/backend-go-gateway/internal/auditlog/retention.go:494.2,494.12 1 1
github.com/huanminabc/juhe-ai/backend-go-gateway/internal/auditlog/retention.go:497.81,499.16 2 1
github.com/huanminabc/juhe-ai/backend-go-gateway/internal/auditlog/retention.go:499.16,501.3 1 1
github.com/huanminabc/juhe-ai/backend-go-gateway/internal/auditlog/retention.go:502.2,503.36 2 1
github.com/huanminabc/juhe-ai/backend-go-gateway/internal/auditlog/retention.go:503.36,505.3 1 1
github.com/huanminabc/juhe-ai/backend-go-gateway/internal/auditlog/retention.go:506.2,506.16 1 1
github.com/huanminabc/juhe-ai/backend-go-gateway/internal/auditlog/retention.go:506.16,508.3 1 0
github.com/huanminabc/juhe-ai/backend-go-gateway/internal/auditlog/retention.go:509.2,509.53 1 1
github.com/huanminabc/juhe-ai/backend-go-gateway/internal/auditlog/retention.go:509.53,511.3 1 1
github.com/huanminabc/juhe-ai/backend-go-gateway/internal/auditlog/retention.go:512.2,512.18 1 1
github.com/huanminabc/juhe-ai/backend-go-gateway/internal/auditlog/retention.go:515.60,516.41 1 1
github.com/huanminabc/juhe-ai/backend-go-gateway/internal/auditlog/retention.go:516.41,518.3 1 1
github.com/huanminabc/juhe-ai/backend-go-gateway/internal/auditlog/retention.go:519.2,520.16 2 1
github.com/huanminabc/juhe-ai/backend-go-gateway/internal/auditlog/retention.go:520.16,522.3 1 0
github.com/huanminabc/juhe-ai/backend-go-gateway/internal/auditlog/retention.go:523.2,525.100 3 1
github.com/huanminabc/juhe-ai/backend-go-gateway/internal/auditlog/retention.go:525.100,527.3 1 1
github.com/huanminabc/juhe-ai/backend-go-gateway/internal/auditlog/retention.go:528.2,528.18 1 1
github.com/huanminabc/juhe-ai/backend-go-gateway/internal/auditlog/retention.go:531.37,532.16 1 1
github.com/huanminabc/juhe-ai/backend-go-gateway/internal/auditlog/retention.go:532.16,534.3 1 1
github.com/huanminabc/juhe-ai/backend-go-gateway/internal/auditlog/retention.go:535.2,536.23 2 1
github.com/huanminabc/juhe-ai/backend-go-gateway/internal/auditlog/retention.go:536.23,538.3 1 1
github.com/huanminabc/juhe-ai/backend-go-gateway/internal/auditlog/retention.go:539.2,539.33 1 1
github.com/huanminabc/juhe-ai/backend-go-gateway/internal/auditlog/retention.go:541.40,543.31 2 1
github.com/huanminabc/juhe-ai/backend-go-gateway/internal/auditlog/retention.go:543.31,545.3 1 1
github.com/huanminabc/juhe-ai/backend-go-gateway/internal/auditlog/retention.go:546.2,546.13 1 1
github.com/huanminabc/juhe-ai/backend-go-gateway/internal/auditlog/retention.go:548.39,550.31 2 1
github.com/huanminabc/juhe-ai/backend-go-gateway/internal/auditlog/retention.go:550.31,552.3 1 1
github.com/huanminabc/juhe-ai/backend-go-gateway/internal/auditlog/retention.go:553.2,553.13 1 1
github.com/huanminabc/juhe-ai/backend-go-gateway/internal/auditlog/retention.go:555.46,558.31 3 1
github.com/huanminabc/juhe-ai/backend-go-gateway/internal/auditlog/retention.go:558.31,559.18 1 1
github.com/huanminabc/juhe-ai/backend-go-gateway/internal/auditlog/retention.go:559.18,560.12 1 1
github.com/huanminabc/juhe-ai/backend-go-gateway/internal/auditlog/retention.go:562.3,562.32 1 1
github.com/huanminabc/juhe-ai/backend-go-gateway/internal/auditlog/retention.go:562.32,565.4 2 1
github.com/huanminabc/juhe-ai/backend-go-gateway/internal/auditlog/retention.go:567.2,567.15 1 1
github.com/huanminabc/juhe-ai/backend-go-gateway/internal/auditlog/store.go:92.43,96.28 1 1
github.com/huanminabc/juhe-ai/backend-go-gateway/internal/auditlog/store.go:96.28,98.17 2 1
github.com/huanminabc/juhe-ai/backend-go-gateway/internal/auditlog/store.go:98.17,100.4 1 0
github.com/huanminabc/juhe-ai/backend-go-gateway/internal/auditlog/store.go:101.3,102.17 2 1
github.com/huanminabc/juhe-ai/backend-go-gateway/internal/auditlog/store.go:102.17,104.4 1 0
github.com/huanminabc/juhe-ai/backend-go-gateway/internal/auditlog/store.go:105.3,107.45 3 1
github.com/huanminabc/juhe-ai/backend-go-gateway/internal/auditlog/store.go:107.45,110.4 2 1
github.com/huanminabc/juhe-ai/backend-go-gateway/internal/auditlog/store.go:111.3,112.19 2 1
github.com/huanminabc/juhe-ai/backend-go-gateway/internal/auditlog/store.go:112.19,114.4 1 1
github.com/huanminabc/juhe-ai/backend-go-gateway/internal/auditlog/store.go:115.3,115.99 1 1
github.com/huanminabc/juhe-ai/backend-go-gateway/internal/auditlog/store.go:117.2,118.18 2 1
github.com/huanminabc/juhe-ai/backend-go-gateway/internal/auditlog/store.go:118.18,120.3 1 1
github.com/huanminabc/juhe-ai/backend-go-gateway/internal/auditlog/store.go:121.2,122.18 2 1
github.com/huanminabc/juhe-ai/backend-go-gateway/internal/auditlog/store.go:122.18,124.3 1 1
github.com/huanminabc/juhe-ai/backend-go-gateway/internal/auditlog/store.go:125.2,127.17 3 1
github.com/huanminabc/juhe-ai/backend-go-gateway/internal/auditlog/store.go:127.17,130.17 3 1
github.com/huanminabc/juhe-ai/backend-go-gateway/internal/auditlog/store.go:130.17,132.4 1 1
github.com/huanminabc/juhe-ai/backend-go-gateway/internal/auditlog/store.go:134.2,135.18 2 1
github.com/huanminabc/juhe-ai/backend-go-gateway/internal/auditlog/store.go:135.18,137.3 1 1
github.com/huanminabc/juhe-ai/backend-go-gateway/internal/auditlog/store.go:138.2,138.117 1 1
github.com/huanminabc/juhe-ai/backend-go-gateway/internal/auditlog/store.go:141.45,143.16 2 1
github.com/huanminabc/juhe-ai/backend-go-gateway/internal/auditlog/store.go:143.16,145.3 1 0
github.com/huanminabc/juhe-ai/backend-go-gateway/internal/auditlog/store.go:146.2,147.38 2 1
github.com/huanminabc/juhe-ai/backend-go-gateway/internal/auditlog/store.go:147.38,149.3 1 1
github.com/huanminabc/juhe-ai/backend-go-gateway/internal/auditlog/store.go:150.2,150.104 1 1
github.com/huanminabc/juhe-ai/backend-go-gateway/internal/auditlog/store.go:153.40,155.75 2 1
github.com/huanminabc/juhe-ai/backend-go-gateway/internal/auditlog/store.go:155.75,157.3 1 1
github.com/huanminabc/juhe-ai/backend-go-gateway/internal/auditlog/store.go:158.2,158.109 1 1
github.com/huanminabc/juhe-ai/backend-go-gateway/internal/auditlog/store.go:158.109,160.3 1 0
github.com/huanminabc/juhe-ai/backend-go-gateway/internal/auditlog/store.go:161.2,162.86 2 1
github.com/huanminabc/juhe-ai/backend-go-gateway/internal/auditlog/store.go:162.86,164.3 1 0
github.com/huanminabc/juhe-ai/backend-go-gateway/internal/auditlog/store.go:165.2,165.36 1 1
github.com/huanminabc/juhe-ai/backend-go-gateway/internal/auditlog/store.go:165.36,167.3 1 0
github.com/huanminabc/juhe-ai/backend-go-gateway/internal/auditlog/store.go:168.2,169.92 2 1
github.com/huanminabc/juhe-ai/backend-go-gateway/internal/auditlog/store.go:169.92,171.3 1 1
github.com/huanminabc/juhe-ai/backend-go-gateway/internal/auditlog/store.go:172.2,172.59 1 1
github.com/huanminabc/juhe-ai/backend-go-gateway/internal/auditlog/store.go:172.59,174.3 1 0
github.com/huanminabc/juhe-ai/backend-go-gateway/internal/auditlog/store.go:175.2,175.12 1 1
github.com/huanminabc/juhe-ai/backend-go-gateway/internal/auditlog/store.go:178.34,179.29 1 1
github.com/huanminabc/juhe-ai/backend-go-gateway/internal/auditlog/store.go:179.29,181.3 1 1
github.com/huanminabc/juhe-ai/backend-go-gateway/internal/auditlog/store.go:182.2,182.19 1 1
github.com/huanminabc/juhe-ai/backend-go-gateway/internal/auditlog/store.go:182.19,184.3 1 1
github.com/huanminabc/juhe-ai/backend-go-gateway/internal/auditlog/store.go:185.2,185.21 1 1
github.com/huanminabc/juhe-ai/backend-go-gateway/internal/auditlog/store.go:188.60,191.19 3 1
github.com/huanminabc/juhe-ai/backend-go-gateway/internal/auditlog/store.go:191.19,193.3 1 1
github.com/huanminabc/juhe-ai/backend-go-gateway/internal/auditlog/store.go:194.2,194.26 1 1
github.com/huanminabc/juhe-ai/backend-go-gateway/internal/auditlog/store.go:194.26,197.64 3 1
github.com/huanminabc/juhe-ai/backend-go-gateway/internal/auditlog/store.go:197.64,199.4 1 1
github.com/huanminabc/juhe-ai/backend-go-gateway/internal/auditlog/store.go:200.3,200.70 1 1
github.com/huanminabc/juhe-ai/backend-go-gateway/internal/auditlog/store.go:200.70,202.4 1 0
github.com/huanminabc/juhe-ai/backend-go-gateway/internal/auditlog/store.go:203.8,205.17 2 1
github.com/huanminabc/juhe-ai/backend-go-gateway/internal/auditlog/store.go:205.17,207.4 1 1
github.com/huanminabc/juhe-ai/backend-go-gateway/internal/auditlog/store.go:208.3,209.91 2 1
github.com/huanminabc/juhe-ai/backend-go-gateway/internal/auditlog/store.go:209.91,211.4 1 0
github.com/huanminabc/juhe-ai/backend-go-gateway/internal/auditlog/store.go:212.3,212.64 1 1
github.com/huanminabc/juhe-ai/backend-go-gateway/internal/auditlog/store.go:212.64,213.65 1 1
github.com/huanminabc/juhe-ai/backend-go-gateway/internal/auditlog/store.go:213.65,214.13 1 1
github.com/huanminabc/juhe-ai/backend-go-gateway/internal/auditlog/store.go:216.4,216.60 1 1
github.com/huanminabc/juhe-ai/backend-go-gateway/internal/auditlog/store.go:216.60,218.5 1 0
github.com/huanminabc/juhe-ai/backend-go-gateway/internal/auditlog/store.go:220.3,220.70 1 1
github.com/huanminabc/juhe-ai/backend-go-gateway/internal/auditlog/store.go:220.70,221.65 1 1
github.com/huanminabc/juhe-ai/backend-go-gateway/internal/auditlog/store.go:221.65,222.13 1 1
github.com/huanminabc/juhe-ai/backend-go-gateway/internal/auditlog/store.go:224.4,224.60 1 1
github.com/huanminabc/juhe-ai/backend-go-gateway/internal/auditlog/store.go:224.60,226.5 1 0
github.com/huanminabc/juhe-ai/backend-go-gateway/internal/auditlog/store.go:228.3,228.37 1 1
github.com/huanminabc/juhe-ai/backend-go-gateway/internal/auditlog/store.go:228.37,230.4 1 0
github.com/huanminabc/juhe-ai/backend-go-gateway/internal/auditlog/store.go:232.2,233.12 2 1
github.com/huanminabc/juhe-ai/backend-go-gateway/internal/auditlog/store.go:236.40,237.28 1 1
github.com/huanminabc/juhe-ai/backend-go-gateway/internal/auditlog/store.go:237.28,239.3 1 1
github.com/huanminabc/juhe-ai/backend-go-gateway/internal/auditlog/store.go:240.2,240.33 1 1
github.com/huanminabc/juhe-ai/backend-go-gateway/internal/auditlog/store.go:242.46,243.28 1 1
github.com/huanminabc/juhe-ai/backend-go-gateway/internal/auditlog/store.go:243.28,245.3 1 1
github.com/huanminabc/juhe-ai/backend-go-gateway/internal/auditlog/store.go:246.2,246.13 1 1
github.com/huanminabc/juhe-ai/backend-go-gateway/internal/auditlog/store.go:249.125,250.44 1 1
github.com/huanminabc/juhe-ai/backend-go-gateway/internal/auditlog/store.go:250.44,252.3 1 1
github.com/huanminabc/juhe-ai/backend-go-gateway/internal/auditlog/store.go:253.2,253.26 1 1
github.com/huanminabc/juhe-ai/backend-go-gateway/internal/auditlog/store.go:253.26,256.3 2 1
github.com/huanminabc/juhe-ai/backend-go-gateway/internal/auditlog/store.go:257.2,257.28 1 1
github.com/huanminabc/juhe-ai/backend-go-gateway/internal/auditlog/store.go:257.28,260.36 3 1
github.com/huanminabc/juhe-ai/backend-go-gateway/internal/auditlog/store.go:260.36,262.4 1 1
github.com/huanminabc/juhe-ai/backend-go-gateway/internal/auditlog/store.go:263.3,263.17 1 1
github.com/huanminabc/juhe-ai/backend-go-gateway/internal/auditlog/store.go:263.17,265.4 1 0
github.com/huanminabc/juhe-ai/backend-go-gateway/internal/auditlog/store.go:266.3,266.68 1 1
github.com/huanminabc/juhe-ai/backend-go-gateway/internal/auditlog/store.go:268.2,276.35 6 1
github.com/huanminabc/juhe-ai/backend-go-gateway/internal/auditlog/store.go:276.35,278.3 1 1
github.com/huanminabc/juhe-ai/backend-go-gateway/internal/auditlog/store.go:279.2,279.16 1 1
github.com/huanminabc/juhe-ai/backend-go-gateway/internal/auditlog/store.go:279.16,281.3 1 1
github.com/huanminabc/juhe-ai/backend-go-gateway/internal/auditlog/store.go:282.2,282.67 1 1
github.com/huanminabc/juhe-ai/backend-go-gateway/internal/auditlog/store.go:285.113,286.44 1 1
github.com/huanminabc/juhe-ai/backend-go-gateway/internal/auditlog/store.go:286.44,288.3 1 1
github.com/huanminabc/juhe-ai/backend-go-gateway/internal/auditlog/store.go:289.2,289.26 1 1
github.com/huanminabc/juhe-ai/backend-go-gateway/internal/auditlog/store.go:289.26,292.3 2 1
github.com/huanminabc/juhe-ai/backend-go-gateway/internal/auditlog/store.go:293.2,293.28 1 1
github.com/huanminabc/juhe-ai/backend-go-gateway/internal/auditlog/store.go:293.28,295.17 2 1
github.com/huanminabc/juhe-ai/backend-go-gateway/internal/auditlog/store.go:295.17,297.4 1 0
github.com/huanminabc/juhe-ai/backend-go-gateway/internal/auditlog/store.go:298.3,299.25 2 1
github.com/huanminabc/juhe-ai/backend-go-gateway/internal/auditlog/store.go:301.2,303.16 3 1
github.com/huanminabc/juhe-ai/backend-go-gateway/internal/auditlog/store.go:303.16,305.3 1 1
github.com/huanminabc/juhe-ai/backend-go-gateway/internal/auditlog/store.go:306.2,307.20 2 1
github.com/huanminabc/juhe-ai/backend-go-gateway/internal/auditlog/store.go:310.83,311.44 1 1
github.com/huanminabc/juhe-ai/backend-go-gateway/internal/auditlog/store.go:311.44,313.3 1 0
github.com/huanminabc/juhe-ai/backend-go-gateway/internal/auditlog/store.go:314.2,314.26 1 1
github.com/huanminabc/juhe-ai/backend-go-gateway/internal/auditlog/store.go:314.26,317.3 2 1
github.com/huanminabc/juhe-ai/backend-go-gateway/internal/auditlog/store.go:321.2,323.28 3 1
github.com/huanminabc/juhe-ai/backend-go-gateway/internal/auditlog/store.go:323.28,326.3 2 1
github.com/huanminabc/juhe-ai/backend-go-gateway/internal/auditlog/store.go:327.2,328.16 2 1
github.com/huanminabc/juhe-ai/backend-go-gateway/internal/auditlog/store.go:328.16,330.3 1 1
github.com/huanminabc/juhe-ai/backend-go-gateway/internal/auditlog/store.go:331.2,332.16 2 1
github.com/huanminabc/juhe-ai/backend-go-gateway/internal/auditlog/store.go:332.16,334.3 1 0
github.com/huanminabc/juhe-ai/backend-go-gateway/internal/auditlog/store.go:335.2,335.12 1 1
github.com/huanminabc/juhe-ai/backend-go-gateway/internal/auditlog/store.go:335.12,337.3 1 1
github.com/huanminabc/juhe-ai/backend-go-gateway/internal/auditlog/store.go:338.2,338.12 1 1
github.com/huanminabc/juhe-ai/backend-go-gateway/internal/auditlog/store.go:341.111,344.16 3 1
github.com/huanminabc/juhe-ai/backend-go-gateway/internal/auditlog/store.go:344.16,346.3 1 1
github.com/huanminabc/juhe-ai/backend-go-gateway/internal/auditlog/store.go:347.2,347.44 1 1
github.com/huanminabc/juhe-ai/backend-go-gateway/internal/auditlog/store.go:347.44,349.3 1 1
github.com/huanminabc/juhe-ai/backend-go-gateway/internal/auditlog/store.go:350.2,350.26 1 1
github.com/huanminabc/juhe-ai/backend-go-gateway/internal/auditlog/store.go:350.26,353.3 2 1
github.com/huanminabc/juhe-ai/backend-go-gateway/internal/auditlog/store.go:354.2,355.16 2 1
github.com/huanminabc/juhe-ai/backend-go-gateway/internal/auditlog/store.go:355.16,357.3 1 1
github.com/huanminabc/juhe-ai/backend-go-gateway/internal/auditlog/store.go:358.2,360.15 3 1
github.com/huanminabc/juhe-ai/backend-go-gateway/internal/auditlog/store.go:360.15,361.17 1 1
github.com/huanminabc/juhe-ai/backend-go-gateway/internal/auditlog/store.go:361.17,363.4 1 1
github.com/huanminabc/juhe-ai/backend-go-gateway/internal/auditlog/store.go:364.3,364.30 1 1
github.com/huanminabc/juhe-ai/backend-go-gateway/internal/auditlog/store.go:366.2,366.56 1 1
github.com/huanminabc/juhe-ai/backend-go-gateway/internal/auditlog/store.go:366.56,368.3 1 1
github.com/huanminabc/juhe-ai/backend-go-gateway/internal/auditlog/store.go:369.2,369.69 1 1
github.com/huanminabc/juhe-ai/backend-go-gateway/internal/auditlog/store.go:369.69,371.3 1 0
github.com/huanminabc/juhe-ai/backend-go-gateway/internal/auditlog/store.go:372.2,373.16 2 1
github.com/huanminabc/juhe-ai/backend-go-gateway/internal/auditlog/store.go:373.16,375.3 1 0
github.com/huanminabc/juhe-ai/backend-go-gateway/internal/auditlog/store.go:376.2,376.65 1 1
github.com/huanminabc/juhe-ai/backend-go-gateway/internal/auditlog/store.go:376.65,378.3 1 0
github.com/huanminabc/juhe-ai/backend-go-gateway/internal/auditlog/store.go:379.2,379.68 1 1
github.com/huanminabc/juhe-ai/backend-go-gateway/internal/auditlog/store.go:379.68,381.3 1 1
github.com/huanminabc/juhe-ai/backend-go-gateway/internal/auditlog/store.go:382.2,383.16 2 1
github.com/huanminabc/juhe-ai/backend-go-gateway/internal/auditlog/store.go:383.16,385.3 1 1
github.com/huanminabc/juhe-ai/backend-go-gateway/internal/auditlog/store.go:386.2,387.16 2 1
github.com/huanminabc/juhe-ai/backend-go-gateway/internal/auditlog/store.go:387.16,389.3 1 1
github.com/huanminabc/juhe-ai/backend-go-gateway/internal/auditlog/store.go:390.2,390.18 1 1
github.com/huanminabc/juhe-ai/backend-go-gateway/internal/auditlog/store.go:390.18,391.55 1 1
github.com/huanminabc/juhe-ai/backend-go-gateway/internal/auditlog/store.go:391.55,393.4 1 0
github.com/huanminabc/juhe-ai/backend-go-gateway/internal/auditlog/store.go:394.3,394.43 1 1
github.com/huanminabc/juhe-ai/backend-go-gateway/internal/auditlog/store.go:396.2,396.27 1 1
github.com/huanminabc/juhe-ai/backend-go-gateway/internal/auditlog/store.go:396.27,398.3 1 1
github.com/huanminabc/juhe-ai/backend-go-gateway/internal/auditlog/store.go:399.2,399.55 1 1
github.com/huanminabc/juhe-ai/backend-go-gateway/internal/auditlog/store.go:399.55,401.3 1 1
github.com/huanminabc/juhe-ai/backend-go-gateway/internal/auditlog/store.go:402.2,402.55 1 1
github.com/huanminabc/juhe-ai/backend-go-gateway/internal/auditlog/store.go:402.55,404.3 1 1
github.com/huanminabc/juhe-ai/backend-go-gateway/internal/auditlog/store.go:405.2,405.48 1 1
github.com/huanminabc/juhe-ai/backend-go-gateway/internal/auditlog/store.go:405.48,407.3 1 0
github.com/huanminabc/juhe-ai/backend-go-gateway/internal/auditlog/store.go:408.2,408.57 1 1
github.com/huanminabc/juhe-ai/backend-go-gateway/internal/auditlog/store.go:408.57,410.3 1 1
github.com/huanminabc/juhe-ai/backend-go-gateway/internal/auditlog/store.go:411.2,412.69 2 1
github.com/huanminabc/juhe-ai/backend-go-gateway/internal/auditlog/store.go:412.69,413.73 1 1
github.com/huanminabc/juhe-ai/backend-go-gateway/internal/auditlog/store.go:413.73,415.4 1 1
github.com/huanminabc/juhe-ai/backend-go-gateway/internal/auditlog/store.go:417.2,417.66 1 1
github.com/huanminabc/juhe-ai/backend-go-gateway/internal/auditlog/store.go:417.66,419.3 1 1
github.com/huanminabc/juhe-ai/backend-go-gateway/internal/auditlog/store.go:420.2,420.36 1 1
github.com/huanminabc/juhe-ai/backend-go-gateway/internal/auditlog/store.go:420.36,424.3 1 1
github.com/huanminabc/juhe-ai/backend-go-gateway/internal/auditlog/store.go:425.2,426.29 2 1
github.com/huanminabc/juhe-ai/backend-go-gateway/internal/auditlog/store.go:433.102,434.48 1 1
github.com/huanminabc/juhe-ai/backend-go-gateway/internal/auditlog/store.go:434.48,436.3 1 1
github.com/huanminabc/juhe-ai/backend-go-gateway/internal/auditlog/store.go:437.2,437.190 1 1
github.com/huanminabc/juhe-ai/backend-go-gateway/internal/auditlog/store.go:437.190,439.3 1 0
github.com/huanminabc/juhe-ai/backend-go-gateway/internal/auditlog/store.go:440.2,440.12 1 1
github.com/huanminabc/juhe-ai/backend-go-gateway/internal/auditlog/store.go:443.106,446.25 3 1
github.com/huanminabc/juhe-ai/backend-go-gateway/internal/auditlog/store.go:446.25,447.64 1 1
github.com/huanminabc/juhe-ai/backend-go-gateway/internal/auditlog/store.go:447.64,449.4 1 0
github.com/huanminabc/juhe-ai/backend-go-gateway/internal/auditlog/store.go:451.2,451.12 1 1
github.com/huanminabc/juhe-ai/backend-go-gateway/internal/auditlog/store.go:457.100,460.29 3 1
github.com/huanminabc/juhe-ai/backend-go-gateway/internal/auditlog/store.go:460.29,461.27 1 1
github.com/huanminabc/juhe-ai/backend-go-gateway/internal/auditlog/store.go:461.27,462.12 1 0
github.com/huanminabc/juhe-ai/backend-go-gateway/internal/auditlog/store.go:464.3,464.40 1 1
github.com/huanminabc/juhe-ai/backend-go-gateway/internal/auditlog/store.go:464.40,465.12 1 0
github.com/huanminabc/juhe-ai/backend-go-gateway/internal/auditlog/store.go:467.3,468.36 2 1
github.com/huanminabc/juhe-ai/backend-go-gateway/internal/auditlog/store.go:470.2,471.25 2 1
github.com/huanminabc/juhe-ai/backend-go-gateway/internal/auditlog/store.go:471.25,472.60 1 1
github.com/huanminabc/juhe-ai/backend-go-gateway/internal/auditlog/store.go:472.60,474.4 1 0
github.com/huanminabc/juhe-ai/backend-go-gateway/internal/auditlog/store.go:476.2,476.12 1 1
github.com/huanminabc/juhe-ai/backend-go-gateway/internal/auditlog/store.go:479.94,480.44 1 1
github.com/huanminabc/juhe-ai/backend-go-gateway/internal/auditlog/store.go:480.44,482.3 1 1
github.com/huanminabc/juhe-ai/backend-go-gateway/internal/auditlog/store.go:483.2,483.182 1 1
github.com/huanminabc/juhe-ai/backend-go-gateway/internal/auditlog/store.go:483.182,485.3 1 0
github.com/huanminabc/juhe-ai/backend-go-gateway/internal/auditlog/store.go:486.2,486.12 1 1
github.com/huanminabc/juhe-ai/backend-go-gateway/internal/auditlog/store.go:494.103,497.29 3 1
github.com/huanminabc/juhe-ai/backend-go-gateway/internal/auditlog/store.go:497.29,498.27 1 1
github.com/huanminabc/juhe-ai/backend-go-gateway/internal/auditlog/store.go:498.27,499.12 1 0
github.com/huanminabc/juhe-ai/backend-go-gateway/internal/auditlog/store.go:501.3,501.40 1 1
github.com/huanminabc/juhe-ai/backend-go-gateway/internal/auditlog/store.go:501.40,502.12 1 0
github.com/huanminabc/juhe-ai/backend-go-gateway/internal/auditlog/store.go:504.3,505.36 2 1
github.com/huanminabc/juhe-ai/backend-go-gateway/internal/auditlog/store.go:507.2,508.25 2 1
github.com/huanminabc/juhe-ai/backend-go-gateway/internal/auditlog/store.go:508.25,511.36 3 1
github.com/huanminabc/juhe-ai/backend-go-gateway/internal/auditlog/store.go:511.36,512.12 1 1
github.com/huanminabc/juhe-ai/backend-go-gateway/internal/auditlog/store.go:514.3,514.17 1 1
github.com/huanminabc/juhe-ai/backend-go-gateway/internal/auditlog/store.go:514.17,516.4 1 1
github.com/huanminabc/juhe-ai/backend-go-gateway/internal/auditlog/store.go:518.3,520.36 3 1
github.com/huanminabc/juhe-ai/backend-go-gateway/internal/auditlog/store.go:520.36,521.129 1 1
github.com/huanminabc/juhe-ai/backend-go-gateway/internal/auditlog/store.go:521.129,523.5 1 0
github.com/huanminabc/juhe-ai/backend-go-gateway/internal/auditlog/store.go:524.4,524.12 1 1
github.com/huanminabc/juhe-ai/backend-go-gateway/internal/auditlog/store.go:526.3,526.17 1 1
github.com/huanminabc/juhe-ai/backend-go-gateway/internal/auditlog/store.go:526.17,528.4 1 0
github.com/huanminabc/juhe-ai/backend-go-gateway/internal/auditlog/store.go:530.3,531.17 2 1
github.com/huanminabc/juhe-ai/backend-go-gateway/internal/auditlog/store.go:531.17,533.4 1 0
github.com/huanminabc/juhe-ai/backend-go-gateway/internal/auditlog/store.go:534.3,534.15 1 1
github.com/huanminabc/juhe-ai/backend-go-gateway/internal/auditlog/store.go:534.15,536.18 2 1
github.com/huanminabc/juhe-ai/backend-go-gateway/internal/auditlog/store.go:536.18,538.5 1 0
github.com/huanminabc/juhe-ai/backend-go-gateway/internal/auditlog/store.go:539.4,539.75 1 1
github.com/huanminabc/juhe-ai/backend-go-gateway/internal/auditlog/store.go:539.75,541.5 1 0
github.com/huanminabc/juhe-ai/backend-go-gateway/internal/auditlog/store.go:541.10,541.28 1 1
github.com/huanminabc/juhe-ai/backend-go-gateway/internal/auditlog/store.go:541.28,543.5 1 1
github.com/huanminabc/juhe-ai/backend-go-gateway/internal/auditlog/store.go:545.3,545.128 1 1
github.com/huanminabc/juhe-ai/backend-go-gateway/internal/auditlog/store.go:545.128,547.4 1 0
github.com/huanminabc/juhe-ai/backend-go-gateway/internal/auditlog/store.go:549.2,549.12 1 1
github.com/huanminabc/juhe-ai/backend-go-gateway/internal/auditlog/store.go:552.91,553.50 1 1
github.com/huanminabc/juhe-ai/backend-go-gateway/internal/auditlog/store.go:553.50,555.3 1 1
github.com/huanminabc/juhe-ai/backend-go-gateway/internal/auditlog/store.go:556.2,556.26 1 1
github.com/huanminabc/juhe-ai/backend-go-gateway/internal/auditlog/store.go:556.26,562.17 2 1
github.com/huanminabc/juhe-ai/backend-go-gateway/internal/auditlog/store.go:562.17,564.4 1 1
github.com/huanminabc/juhe-ai/backend-go-gateway/internal/auditlog/store.go:565.3,566.17 2 1
github.com/huanminabc/juhe-ai/backend-go-gateway/internal/auditlog/store.go:566.17,568.4 1 0
github.com/huanminabc/juhe-ai/backend-go-gateway/internal/auditlog/store.go:569.3,569.19 1 1
github.com/huanminabc/juhe-ai/backend-go-gateway/internal/auditlog/store.go:569.19,571.4 1 1
github.com/huanminabc/juhe-ai/backend-go-gateway/internal/auditlog/store.go:572.3,572.13 1 1
github.com/huanminabc/juhe-ai/backend-go-gateway/internal/auditlog/store.go:574.2,576.35 3 1
github.com/huanminabc/juhe-ai/backend-go-gateway/internal/auditlog/store.go:576.35,578.3 1 1
github.com/huanminabc/juhe-ai/backend-go-gateway/internal/auditlog/store.go:579.2,579.16 1 1
github.com/huanminabc/juhe-ai/backend-go-gateway/internal/auditlog/store.go:579.16,581.3 1 0
github.com/huanminabc/juhe-ai/backend-go-gateway/internal/auditlog/store.go:582.2,582.12 1 1
github.com/huanminabc/juhe-ai/backend-go-gateway/internal/auditlog/store.go:585.101,586.26 1 1
github.com/huanminabc/juhe-ai/backend-go-gateway/internal/auditlog/store.go:586.26,588.3 1 1
github.com/huanminabc/juhe-ai/backend-go-gateway/internal/auditlog/store.go:589.2,591.35 3 1
github.com/huanminabc/juhe-ai/backend-go-gateway/internal/auditlog/store.go:591.35,593.3 1 0
github.com/huanminabc/juhe-ai/backend-go-gateway/internal/auditlog/store.go:594.2,594.16 1 1
github.com/huanminabc/juhe-ai/backend-go-gateway/internal/auditlog/store.go:594.16,596.3 1 0
github.com/huanminabc/juhe-ai/backend-go-gateway/internal/auditlog/store.go:597.2,597.31 1 1
github.com/huanminabc/juhe-ai/backend-go-gateway/internal/auditlog/store.go:597.31,599.3 1 0
github.com/huanminabc/juhe-ai/backend-go-gateway/internal/auditlog/store.go:600.2,600.12 1 1
github.com/huanminabc/juhe-ai/backend-go-gateway/internal/auditlog/store.go:617.126,620.45 3 1
github.com/huanminabc/juhe-ai/backend-go-gateway/internal/auditlog/store.go:620.45,622.35 2 1
github.com/huanminabc/juhe-ai/backend-go-gateway/internal/auditlog/store.go:622.35,624.4 1 1
github.com/huanminabc/juhe-ai/backend-go-gateway/internal/auditlog/store.go:625.3,626.34 2 1
github.com/huanminabc/juhe-ai/backend-go-gateway/internal/auditlog/store.go:626.34,628.4 1 1
github.com/huanminabc/juhe-ai/backend-go-gateway/internal/auditlog/store.go:629.3,629.29 1 1
github.com/huanminabc/juhe-ai/backend-go-gateway/internal/auditlog/store.go:629.29,631.18 2 1
github.com/huanminabc/juhe-ai/backend-go-gateway/internal/auditlog/store.go:631.18,633.5 1 0
github.com/huanminabc/juhe-ai/backend-go-gateway/internal/auditlog/store.go:634.4,635.18 2 1
github.com/huanminabc/juhe-ai/backend-go-gateway/internal/auditlog/store.go:635.18,637.5 1 0
github.com/huanminabc/juhe-ai/backend-go-gateway/internal/auditlog/store.go:638.4,640.88 3 1
github.com/huanminabc/juhe-ai/backend-go-gateway/internal/auditlog/store.go:642.3,642.27 1 1
github.com/huanminabc/juhe-ai/backend-go-gateway/internal/auditlog/store.go:642.27,644.25 2 1
github.com/huanminabc/juhe-ai/backend-go-gateway/internal/auditlog/store.go:644.25,646.5 1 1
github.com/huanminabc/juhe-ai/backend-go-gateway/internal/auditlog/store.go:647.4,648.18 2 1
github.com/huanminabc/juhe-ai/backend-go-gateway/internal/auditlog/store.go:648.18,650.5 1 0
github.com/huanminabc/juhe-ai/backend-go-gateway/internal/auditlog/store.go:651.4,654.101 4 1
github.com/huanminabc/juhe-ai/backend-go-gateway/internal/auditlog/store.go:660.3,660.31 1 1
github.com/huanminabc/juhe-ai/backend-go-gateway/internal/auditlog/store.go:660.31,662.4 1 1
github.com/huanminabc/juhe-ai/backend-go-gateway/internal/auditlog/store.go:663.3,664.38 2 1
github.com/huanminabc/juhe-ai/backend-go-gateway/internal/auditlog/store.go:664.38,666.4 1 1
github.com/huanminabc/juhe-ai/backend-go-gateway/internal/auditlog/store.go:666.9,666.31 1 1
github.com/huanminabc/juhe-ai/backend-go-gateway/internal/auditlog/store.go:666.31,668.4 1 1
github.com/huanminabc/juhe-ai/backend-go-gateway/internal/auditlog/store.go:669.3,670.33 2 1
github.com/huanminabc/juhe-ai/backend-go-gateway/internal/auditlog/store.go:672.2,672.27 1 1
github.com/huanminabc/juhe-ai/backend-go-gateway/internal/auditlog/store.go:675.102,677.23 2 1
github.com/huanminabc/juhe-ai/backend-go-gateway/internal/auditlog/store.go:677.23,679.3 1 1
github.com/huanminabc/juhe-ai/backend-go-gateway/internal/auditlog/store.go:680.2,681.16 2 1
github.com/huanminabc/juhe-ai/backend-go-gateway/internal/auditlog/store.go:681.16,683.3 1 0
github.com/huanminabc/juhe-ai/backend-go-gateway/internal/auditlog/store.go:684.2,687.27 4 1
github.com/huanminabc/juhe-ai/backend-go-gateway/internal/auditlog/store.go:687.27,689.3 1 1
github.com/huanminabc/juhe-ai/backend-go-gateway/internal/auditlog/store.go:693.2,694.306 2 1
github.com/huanminabc/juhe-ai/backend-go-gateway/internal/auditlog/store.go:697.102,698.165 1 1
github.com/huanminabc/juhe-ai/backend-go-gateway/internal/auditlog/store.go:698.165,700.3 1 1
github.com/huanminabc/juhe-ai/backend-go-gateway/internal/auditlog/store.go:701.2,703.50 3 1
github.com/huanminabc/juhe-ai/backend-go-gateway/internal/auditlog/store.go:703.50,706.3 2 0
github.com/huanminabc/juhe-ai/backend-go-gateway/internal/auditlog/store.go:707.2,707.39 1 1
github.com/huanminabc/juhe-ai/backend-go-gateway/internal/auditlog/store.go:707.39,709.3 1 0
github.com/huanminabc/juhe-ai/backend-go-gateway/internal/auditlog/store.go:710.2,710.39 1 1
github.com/huanminabc/juhe-ai/backend-go-gateway/internal/auditlog/store.go:710.39,712.3 1 1
github.com/huanminabc/juhe-ai/backend-go-gateway/internal/auditlog/store.go:713.2,713.40 1 1
github.com/huanminabc/juhe-ai/backend-go-gateway/internal/auditlog/store.go:716.75,718.46 2 1
github.com/huanminabc/juhe-ai/backend-go-gateway/internal/auditlog/store.go:718.46,720.3 1 1
github.com/huanminabc/juhe-ai/backend-go-gateway/internal/auditlog/store.go:721.2,722.281 2 1
github.com/huanminabc/juhe-ai/backend-go-gateway/internal/auditlog/store.go:725.77,726.27 1 1
github.com/huanminabc/juhe-ai/backend-go-gateway/internal/auditlog/store.go:726.27,729.50 3 1
github.com/huanminabc/juhe-ai/backend-go-gateway/internal/auditlog/store.go:729.50,730.77 1 1
github.com/huanminabc/juhe-ai/backend-go-gateway/internal/auditlog/store.go:730.77,732.5 1 1
github.com/huanminabc/juhe-ai/backend-go-gateway/internal/auditlog/store.go:733.4,733.12 1 1
github.com/huanminabc/juhe-ai/backend-go-gateway/internal/auditlog/store.go:734.9,734.45 1 1
github.com/huanminabc/juhe-ai/backend-go-gateway/internal/auditlog/store.go:734.45,736.4 1 0
github.com/huanminabc/juhe-ai/backend-go-gateway/internal/auditlog/store.go:737.3,737.69 1 1
github.com/huanminabc/juhe-ai/backend-go-gateway/internal/auditlog/store.go:737.69,739.4 1 1
github.com/huanminabc/juhe-ai/backend-go-gateway/internal/auditlog/store.go:740.3,741.17 2 1
github.com/huanminabc/juhe-ai/backend-go-gateway/internal/auditlog/store.go:741.17,743.4 1 0
github.com/huanminabc/juhe-ai/backend-go-gateway/internal/auditlog/store.go:744.3,745.51 2 1
github.com/huanminabc/juhe-ai/backend-go-gateway/internal/auditlog/store.go:745.51,748.4 2 0
github.com/huanminabc/juhe-ai/backend-go-gateway/internal/auditlog/store.go:749.3,749.37 1 1
github.com/huanminabc/juhe-ai/backend-go-gateway/internal/auditlog/store.go:749.37,752.4 2 0
github.com/huanminabc/juhe-ai/backend-go-gateway/internal/auditlog/store.go:753.3,753.38 1 1
github.com/huanminabc/juhe-ai/backend-go-gateway/internal/auditlog/store.go:753.38,755.4 1 0
github.com/huanminabc/juhe-ai/backend-go-gateway/internal/auditlog/store.go:757.2,757.12 1 1
github.com/huanminabc/juhe-ai/backend-go-gateway/internal/auditlog/store.go:760.121,764.35 4 1
github.com/huanminabc/juhe-ai/backend-go-gateway/internal/auditlog/store.go:764.35,766.3 1 1
github.com/huanminabc/juhe-ai/backend-go-gateway/internal/auditlog/store.go:767.2,767.16 1 1
github.com/huanminabc/juhe-ai/backend-go-gateway/internal/auditlog/store.go:767.16,769.3 1 1
github.com/huanminabc/juhe-ai/backend-go-gateway/internal/auditlog/store.go:770.2,770.27 1 1
github.com/huanminabc/juhe-ai/backend-go-gateway/internal/auditlog/store.go:770.27,772.3 1 0
github.com/huanminabc/juhe-ai/backend-go-gateway/internal/auditlog/store.go:773.2,774.28 2 1
github.com/huanminabc/juhe-ai/backend-go-gateway/internal/auditlog/store.go:777.165,779.27 2 1
github.com/huanminabc/juhe-ai/backend-go-gateway/internal/auditlog/store.go:779.27,782.17 3 1
github.com/huanminabc/juhe-ai/backend-go-gateway/internal/auditlog/store.go:782.17,784.4 1 1
github.com/huanminabc/juhe-ai/backend-go-gateway/internal/auditlog/store.go:785.3,785.13 1 1
github.com/huanminabc/juhe-ai/backend-go-gateway/internal/auditlog/store.go:785.13,792.4 2 1
github.com/huanminabc/juhe-ai/backend-go-gateway/internal/auditlog/store.go:794.2,794.30 1 1
github.com/huanminabc/juhe-ai/backend-go-gateway/internal/auditlog/store.go:794.30,795.37 1 1
github.com/huanminabc/juhe-ai/backend-go-gateway/internal/auditlog/store.go:795.37,796.112 1 1
github.com/huanminabc/juhe-ai/backend-go-gateway/internal/auditlog/store.go:796.112,798.5 1 0
github.com/huanminabc/juhe-ai/backend-go-gateway/internal/auditlog/store.go:800.3,800.34 1 1
github.com/huanminabc/juhe-ai/backend-go-gateway/internal/auditlog/store.go:800.34,801.106 1 1
github.com/huanminabc/juhe-ai/backend-go-gateway/internal/auditlog/store.go:801.106,803.5 1 1
github.com/huanminabc/juhe-ai/backend-go-gateway/internal/auditlog/store.go:805.3,805.52 1 1
github.com/huanminabc/juhe-ai/backend-go-gateway/internal/auditlog/store.go:807.2,807.29 1 1
github.com/huanminabc/juhe-ai/backend-go-gateway/internal/auditlog/store.go:810.54,812.29 2 1
github.com/huanminabc/juhe-ai/backend-go-gateway/internal/auditlog/store.go:812.29,813.21 1 1
github.com/huanminabc/juhe-ai/backend-go-gateway/internal/auditlog/store.go:813.21,814.12 1 1
github.com/huanminabc/juhe-ai/backend-go-gateway/internal/auditlog/store.go:816.3,817.29 2 1
github.com/huanminabc/juhe-ai/backend-go-gateway/internal/auditlog/store.go:817.29,818.12 1 1
github.com/huanminabc/juhe-ai/backend-go-gateway/internal/auditlog/store.go:820.3,822.17 3 1
github.com/huanminabc/juhe-ai/backend-go-gateway/internal/auditlog/store.go:822.17,823.38 1 1
github.com/huanminabc/juhe-ai/backend-go-gateway/internal/auditlog/store.go:823.38,825.5 1 1
github.com/huanminabc/juhe-ai/backend-go-gateway/internal/auditlog/store.go:826.4,826.80 1 0
github.com/huanminabc/juhe-ai/backend-go-gateway/internal/auditlog/store.go:828.3,828.76 1 1
github.com/huanminabc/juhe-ai/backend-go-gateway/internal/auditlog/store.go:828.76,830.4 1 1
github.com/huanminabc/juhe-ai/backend-go-gateway/internal/auditlog/store.go:832.2,832.12 1 1
github.com/huanminabc/juhe-ai/backend-go-gateway/internal/auditlog/store.go:835.47,836.27 1 1
github.com/huanminabc/juhe-ai/backend-go-gateway/internal/auditlog/store.go:836.27,838.20 2 1
github.com/huanminabc/juhe-ai/backend-go-gateway/internal/auditlog/store.go:838.20,842.12 1 1
github.com/huanminabc/juhe-ai/backend-go-gateway/internal/auditlog/store.go:844.3,844.26 1 1
github.com/huanminabc/juhe-ai/backend-go-gateway/internal/auditlog/store.go:844.26,845.12 1 1
github.com/huanminabc/juhe-ai/backend-go-gateway/internal/auditlog/store.go:847.3,848.61 2 1
github.com/huanminabc/juhe-ai/backend-go-gateway/internal/auditlog/store.go:848.61,850.66 2 1
github.com/huanminabc/juhe-ai/backend-go-gateway/internal/auditlog/store.go:850.66,852.5 1 0
github.com/huanminabc/juhe-ai/backend-go-gateway/internal/auditlog/store.go:853.4,853.12 1 1
github.com/huanminabc/juhe-ai/backend-go-gateway/internal/auditlog/store.go:854.9,854.65 1 1
github.com/huanminabc/juhe-ai/backend-go-gateway/internal/auditlog/store.go:854.65,856.4 1 1
github.com/huanminabc/juhe-ai/backend-go-gateway/internal/auditlog/store.go:856.9,856.83 1 1
github.com/huanminabc/juhe-ai/backend-go-gateway/internal/auditlog/store.go:856.83,858.4 1 1
github.com/huanminabc/juhe-ai/backend-go-gateway/internal/auditlog/store.go:861.3,861.85 1 0
github.com/huanminabc/juhe-ai/backend-go-gateway/internal/auditlog/store.go:861.85,863.4 1 0
github.com/huanminabc/juhe-ai/backend-go-gateway/internal/auditlog/store.go:864.3,864.21 1 0
github.com/huanminabc/juhe-ai/backend-go-gateway/internal/auditlog/store.go:866.2,866.12 1 1
github.com/huanminabc/juhe-ai/backend-go-gateway/internal/auditlog/store.go:869.45,873.31 1 1
github.com/huanminabc/juhe-ai/backend-go-gateway/internal/auditlog/store.go:873.31,875.3 1 1
github.com/huanminabc/juhe-ai/backend-go-gateway/internal/auditlog/store.go:876.2,877.16 2 0
github.com/huanminabc/juhe-ai/backend-go-gateway/internal/auditlog/store.go:877.16,879.3 1 0
github.com/huanminabc/juhe-ai/backend-go-gateway/internal/auditlog/store.go:880.2,881.20 2 0
github.com/huanminabc/juhe-ai/backend-go-gateway/internal/auditlog/store.go:884.47,886.29 2 1
github.com/huanminabc/juhe-ai/backend-go-gateway/internal/auditlog/store.go:886.29,887.26 1 1
github.com/huanminabc/juhe-ai/backend-go-gateway/internal/auditlog/store.go:887.26,888.12 1 1
github.com/huanminabc/juhe-ai/backend-go-gateway/internal/auditlog/store.go:890.3,890.85 1 1
github.com/huanminabc/juhe-ai/backend-go-gateway/internal/auditlog/store.go:890.85,892.4 1 0
github.com/huanminabc/juhe-ai/backend-go-gateway/internal/auditlog/store.go:894.2,894.15 1 1
github.com/huanminabc/juhe-ai/backend-go-gateway/internal/auditlog/store.go:897.48,899.2 1 1
github.com/huanminabc/juhe-ai/backend-go-gateway/internal/auditlog/store.go:901.47,903.2 1 1
github.com/huanminabc/juhe-ai/backend-go-gateway/internal/auditlog/store.go:905.105,906.62 1 1
github.com/huanminabc/juhe-ai/backend-go-gateway/internal/auditlog/store.go:906.62,908.3 1 1
github.com/huanminabc/juhe-ai/backend-go-gateway/internal/auditlog/store.go:911.108,912.62 1 1
github.com/huanminabc/juhe-ai/backend-go-gateway/internal/auditlog/store.go:912.62,914.3 1 1
github.com/huanminabc/juhe-ai/backend-go-gateway/internal/auditlog/store.go:917.113,918.44 1 1
github.com/huanminabc/juhe-ai/backend-go-gateway/internal/auditlog/store.go:918.44,920.3 1 1
github.com/huanminabc/juhe-ai/backend-go-gateway/internal/auditlog/store.go:921.2,921.26 1 1
github.com/huanminabc/juhe-ai/backend-go-gateway/internal/auditlog/store.go:921.26,924.3 2 1
github.com/huanminabc/juhe-ai/backend-go-gateway/internal/auditlog/store.go:925.2,926.16 2 1
github.com/huanminabc/juhe-ai/backend-go-gateway/internal/auditlog/store.go:926.16,928.3 1 1
github.com/huanminabc/juhe-ai/backend-go-gateway/internal/auditlog/store.go:929.2,930.56 2 1
github.com/huanminabc/juhe-ai/backend-go-gateway/internal/auditlog/store.go:930.56,932.3 1 1
github.com/huanminabc/juhe-ai/backend-go-gateway/internal/auditlog/store.go:933.2,933.34 1 1
github.com/huanminabc/juhe-ai/backend-go-gateway/internal/auditlog/store.go:933.34,935.3 1 0
github.com/huanminabc/juhe-ai/backend-go-gateway/internal/auditlog/store.go:936.2,936.66 1 1
github.com/huanminabc/juhe-ai/backend-go-gateway/internal/auditlog/store.go:936.66,938.3 1 0
github.com/huanminabc/juhe-ai/backend-go-gateway/internal/auditlog/store.go:939.2,939.36 1 1
github.com/huanminabc/juhe-ai/backend-go-gateway/internal/auditlog/store.go:939.36,941.3 1 0
github.com/huanminabc/juhe-ai/backend-go-gateway/internal/auditlog/store.go:942.2,942.12 1 1
github.com/huanminabc/juhe-ai/backend-go-gateway/internal/auditlog/store.go:945.85,947.86 2 1
github.com/huanminabc/juhe-ai/backend-go-gateway/internal/auditlog/store.go:947.86,948.17 1 1
github.com/huanminabc/juhe-ai/backend-go-gateway/internal/auditlog/store.go:948.17,950.4 1 1
github.com/huanminabc/juhe-ai/backend-go-gateway/internal/auditlog/store.go:951.3,951.108 1 1
github.com/huanminabc/juhe-ai/backend-go-gateway/internal/auditlog/store.go:951.108,953.4 1 1
github.com/huanminabc/juhe-ai/backend-go-gateway/internal/auditlog/store.go:954.3,955.17 2 1
github.com/huanminabc/juhe-ai/backend-go-gateway/internal/auditlog/store.go:955.17,957.4 1 0
github.com/huanminabc/juhe-ai/backend-go-gateway/internal/auditlog/store.go:958.3,958.35 1 1
github.com/huanminabc/juhe-ai/backend-go-gateway/internal/auditlog/store.go:958.35,960.4 1 1
github.com/huanminabc/juhe-ai/backend-go-gateway/internal/auditlog/store.go:961.3,961.76 1 1
github.com/huanminabc/juhe-ai/backend-go-gateway/internal/auditlog/store.go:961.76,963.4 1 0
github.com/huanminabc/juhe-ai/backend-go-gateway/internal/auditlog/store.go:964.3,964.13 1 1
github.com/huanminabc/juhe-ai/backend-go-gateway/internal/auditlog/store.go:966.2,966.36 1 1
github.com/huanminabc/juhe-ai/backend-go-gateway/internal/auditlog/store.go:966.36,968.3 1 1
github.com/huanminabc/juhe-ai/backend-go-gateway/internal/auditlog/store.go:969.2,969.12 1 1
github.com/huanminabc/juhe-ai/backend-go-gateway/internal/auditlog/store.go:972.93,973.86 1 1
github.com/huanminabc/juhe-ai/backend-go-gateway/internal/auditlog/store.go:973.86,974.17 1 1
github.com/huanminabc/juhe-ai/backend-go-gateway/internal/auditlog/store.go:974.17,976.4 1 1
github.com/huanminabc/juhe-ai/backend-go-gateway/internal/auditlog/store.go:977.3,978.103 2 1
github.com/huanminabc/juhe-ai/backend-go-gateway/internal/auditlog/store.go:978.103,980.4 1 1
github.com/huanminabc/juhe-ai/backend-go-gateway/internal/auditlog/store.go:981.3,982.40 2 1
github.com/huanminabc/juhe-ai/backend-go-gateway/internal/auditlog/store.go:982.40,984.4 1 1
github.com/huanminabc/juhe-ai/backend-go-gateway/internal/auditlog/store.go:985.3,986.61 2 1
github.com/huanminabc/juhe-ai/backend-go-gateway/internal/auditlog/store.go:986.61,988.4 1 1
github.com/huanminabc/juhe-ai/backend-go-gateway/internal/auditlog/store.go:989.3,990.17 2 1
github.com/huanminabc/juhe-ai/backend-go-gateway/internal/auditlog/store.go:990.17,992.4 1 0
github.com/huanminabc/juhe-ai/backend-go-gateway/internal/auditlog/store.go:993.3,993.35 1 1
github.com/huanminabc/juhe-ai/backend-go-gateway/internal/auditlog/store.go:993.35,995.4 1 0
github.com/huanminabc/juhe-ai/backend-go-gateway/internal/auditlog/store.go:996.3,996.76 1 1
github.com/huanminabc/juhe-ai/backend-go-gateway/internal/auditlog/store.go:996.76,998.4 1 0
github.com/huanminabc/juhe-ai/backend-go-gateway/internal/auditlog/store.go:999.3,999.13 1 1
github.com/huanminabc/juhe-ai/backend-go-gateway/internal/auditlog/store.go:1001.2,1001.36 1 1
github.com/huanminabc/juhe-ai/backend-go-gateway/internal/auditlog/store.go:1001.36,1003.3 1 1
github.com/huanminabc/juhe-ai/backend-go-gateway/internal/auditlog/store.go:1004.2,1004.12 1 1
github.com/huanminabc/juhe-ai/backend-go-gateway/internal/auditlog/store.go:1007.92,1008.27 1 1
github.com/huanminabc/juhe-ai/backend-go-gateway/internal/auditlog/store.go:1008.27,1016.36 8 1
github.com/huanminabc/juhe-ai/backend-go-gateway/internal/auditlog/store.go:1016.36,1018.4 1 1
github.com/huanminabc/juhe-ai/backend-go-gateway/internal/auditlog/store.go:1019.3,1019.17 1 1
github.com/huanminabc/juhe-ai/backend-go-gateway/internal/auditlog/store.go:1019.17,1021.4 1 1
github.com/huanminabc/juhe-ai/backend-go-gateway/internal/auditlog/store.go:1022.3,1023.28 2 1
github.com/huanminabc/juhe-ai/backend-go-gateway/internal/auditlog/store.go:1023.28,1025.4 1 0
github.com/huanminabc/juhe-ai/backend-go-gateway/internal/auditlog/store.go:1025.9,1027.4 1 1
github.com/huanminabc/juhe-ai/backend-go-gateway/internal/auditlog/store.go:1029.2,1029.12 1 1
github.com/huanminabc/juhe-ai/backend-go-gateway/internal/auditlog/store.go:1032.88,1034.29 2 1
github.com/huanminabc/juhe-ai/backend-go-gateway/internal/auditlog/store.go:1034.29,1036.3 1 1
github.com/huanminabc/juhe-ai/backend-go-gateway/internal/auditlog/store.go:1037.2,1037.30 1 1
github.com/huanminabc/juhe-ai/backend-go-gateway/internal/auditlog/store.go:1037.30,1038.37 1 1
github.com/huanminabc/juhe-ai/backend-go-gateway/internal/auditlog/store.go:1038.37,1039.105 1 1
github.com/huanminabc/juhe-ai/backend-go-gateway/internal/auditlog/store.go:1039.105,1041.5 1 1
github.com/huanminabc/juhe-ai/backend-go-gateway/internal/auditlog/store.go:1043.3,1043.34 1 1
github.com/huanminabc/juhe-ai/backend-go-gateway/internal/auditlog/store.go:1043.34,1044.99 1 1
github.com/huanminabc/juhe-ai/backend-go-gateway/internal/auditlog/store.go:1044.99,1046.5 1 1
github.com/huanminabc/juhe-ai/backend-go-gateway/internal/auditlog/store.go:1048.3,1048.52 1 1
github.com/huanminabc/juhe-ai/backend-go-gateway/internal/auditlog/store.go:1050.2,1050.17 1 1
github.com/huanminabc/juhe-ai/backend-go-gateway/internal/auditlog/store.go:1053.64,1055.28 2 1
github.com/huanminabc/juhe-ai/backend-go-gateway/internal/auditlog/store.go:1055.28,1057.3 1 1
github.com/huanminabc/juhe-ai/backend-go-gateway/internal/auditlog/store.go:1058.2,1058.25 1 1
github.com/huanminabc/juhe-ai/backend-go-gateway/internal/auditlog/store.go:1058.25,1060.3 1 1
github.com/huanminabc/juhe-ai/backend-go-gateway/internal/auditlog/store.go:1063.74,1067.48 4 1
github.com/huanminabc/juhe-ai/backend-go-gateway/internal/auditlog/store.go:1067.48,1069.3 1 0
github.com/huanminabc/juhe-ai/backend-go-gateway/internal/auditlog/store.go:1070.2,1070.60 1 1
github.com/huanminabc/juhe-ai/backend-go-gateway/internal/auditlog/store.go:1073.37,1074.15 1 1
github.com/huanminabc/juhe-ai/backend-go-gateway/internal/auditlog/store.go:1074.15,1076.3 1 1
github.com/huanminabc/juhe-ai/backend-go-gateway/internal/auditlog/store.go:1077.2,1077.14 1 1
github.com/huanminabc/juhe-ai/backend-go-gateway/internal/auditlog/store.go:1080.37,1083.2 2 1
github.com/huanminabc/juhe-ai/backend-go-gateway/internal/auditlog/store.go:1084.39,1084.74 1 1
github.com/huanminabc/juhe-ai/backend-go-gateway/internal/auditlog/store.go:1086.126,1088.35 2 1
github.com/huanminabc/juhe-ai/backend-go-gateway/internal/auditlog/store.go:1088.35,1091.3 2 1
github.com/huanminabc/juhe-ai/backend-go-gateway/internal/auditlog/store.go:1092.2,1094.19 3 1
github.com/huanminabc/juhe-ai/backend-go-gateway/internal/auditlog/store.go:1094.19,1096.3 1 1
github.com/huanminabc/juhe-ai/backend-go-gateway/internal/auditlog/store.go:1097.2,1102.16 4 1
github.com/huanminabc/juhe-ai/backend-go-gateway/internal/auditlog/store.go:1102.16,1104.3 1 1
github.com/huanminabc/juhe-ai/backend-go-gateway/internal/auditlog/store.go:1105.2,1106.16 2 1
github.com/huanminabc/juhe-ai/backend-go-gateway/internal/auditlog/store.go:1106.16,1108.3 1 0
github.com/huanminabc/juhe-ai/backend-go-gateway/internal/auditlog/store.go:1109.2,1109.24 1 1
github.com/huanminabc/juhe-ai/backend-go-gateway/internal/auditlog/store.go:1112.128,1114.41 2 1
github.com/huanminabc/juhe-ai/backend-go-gateway/internal/auditlog/store.go:1114.41,1116.15 2 1
github.com/huanminabc/juhe-ai/backend-go-gateway/internal/auditlog/store.go:1116.15,1118.4 1 1
github.com/huanminabc/juhe-ai/backend-go-gateway/internal/auditlog/store.go:1119.3,1122.36 4 1
github.com/huanminabc/juhe-ai/backend-go-gateway/internal/auditlog/store.go:1122.36,1124.37 2 1
github.com/huanminabc/juhe-ai/backend-go-gateway/internal/auditlog/store.go:1124.37,1125.13 1 1
github.com/huanminabc/juhe-ai/backend-go-gateway/internal/auditlog/store.go:1128.3,1128.17 1 1
github.com/huanminabc/juhe-ai/backend-go-gateway/internal/auditlog/store.go:1128.17,1130.4 1 1
github.com/huanminabc/juhe-ai/backend-go-gateway/internal/auditlog/store.go:1131.3,1131.27 1 1
github.com/huanminabc/juhe-ai/backend-go-gateway/internal/auditlog/store.go:1131.27,1133.4 1 1
github.com/huanminabc/juhe-ai/backend-go-gateway/internal/auditlog/store.go:1134.3,1134.38 1 1
github.com/huanminabc/juhe-ai/backend-go-gateway/internal/auditlog/store.go:1136.2,1136.47 1 1
github.com/huanminabc/juhe-ai/backend-go-gateway/internal/auditlog/store.go:1136.47,1137.64 1 1
github.com/huanminabc/juhe-ai/backend-go-gateway/internal/auditlog/store.go:1137.64,1139.4 1 0
github.com/huanminabc/juhe-ai/backend-go-gateway/internal/auditlog/store.go:1140.3,1140.61 1 1
github.com/huanminabc/juhe-ai/backend-go-gateway/internal/auditlog/store.go:1140.61,1142.4 1 1
github.com/huanminabc/juhe-ai/backend-go-gateway/internal/auditlog/store.go:1143.3,1144.15 2 1
github.com/huanminabc/juhe-ai/backend-go-gateway/internal/auditlog/store.go:1144.15,1146.4 1 1
github.com/huanminabc/juhe-ai/backend-go-gateway/internal/auditlog/store.go:1147.3,1149.22 3 1
github.com/huanminabc/juhe-ai/backend-go-gateway/internal/auditlog/store.go:1149.22,1151.4 1 1
github.com/huanminabc/juhe-ai/backend-go-gateway/internal/auditlog/store.go:1152.3,1153.19 2 1
github.com/huanminabc/juhe-ai/backend-go-gateway/internal/auditlog/store.go:1153.19,1155.4 1 1
github.com/huanminabc/juhe-ai/backend-go-gateway/internal/auditlog/store.go:1156.3,1158.29 3 1
github.com/huanminabc/juhe-ai/backend-go-gateway/internal/auditlog/store.go:1158.29,1160.4 1 1
github.com/huanminabc/juhe-ai/backend-go-gateway/internal/auditlog/store.go:1161.3,1161.26 1 1
github.com/huanminabc/juhe-ai/backend-go-gateway/internal/auditlog/store.go:1161.26,1163.4 1 1
github.com/huanminabc/juhe-ai/backend-go-gateway/internal/auditlog/store.go:1164.3,1167.41 4 1
github.com/huanminabc/juhe-ai/backend-go-gateway/internal/auditlog/store.go:1167.41,1169.4 1 1
github.com/huanminabc/juhe-ai/backend-go-gateway/internal/auditlog/store.go:1170.3,1171.17 2 1
github.com/huanminabc/juhe-ai/backend-go-gateway/internal/auditlog/store.go:1171.17,1173.4 1 1
github.com/huanminabc/juhe-ai/backend-go-gateway/internal/auditlog/store.go:1174.3,1175.17 2 1
github.com/huanminabc/juhe-ai/backend-go-gateway/internal/auditlog/store.go:1175.17,1177.4 1 0
github.com/huanminabc/juhe-ai/backend-go-gateway/internal/auditlog/store.go:1178.3,1178.20 1 1
github.com/huanminabc/juhe-ai/backend-go-gateway/internal/auditlog/store.go:1178.20,1179.82 1 1
github.com/huanminabc/juhe-ai/backend-go-gateway/internal/auditlog/store.go:1179.82,1181.5 1 1
github.com/huanminabc/juhe-ai/backend-go-gateway/internal/auditlog/store.go:1184.2,1184.47 1 1
github.com/huanminabc/juhe-ai/backend-go-gateway/internal/auditlog/store.go:1184.47,1185.70 1 1
github.com/huanminabc/juhe-ai/backend-go-gateway/internal/auditlog/store.go:1185.70,1187.4 1 1
github.com/huanminabc/juhe-ai/backend-go-gateway/internal/auditlog/store.go:1189.2,1189.12 1 1
github.com/huanminabc/juhe-ai/backend-go-gateway/internal/auditlog/store.go:1192.88,1193.17 1 1
github.com/huanminabc/juhe-ai/backend-go-gateway/internal/auditlog/store.go:1193.17,1195.3 1 1
github.com/huanminabc/juhe-ai/backend-go-gateway/internal/auditlog/store.go:1196.2,1199.144 2 1
github.com/huanminabc/juhe-ai/backend-go-gateway/internal/auditlog/store.go:1199.144,1201.3 1 1
github.com/huanminabc/juhe-ai/backend-go-gateway/internal/auditlog/store.go:1202.2,1202.12 1 1
github.com/huanminabc/juhe-ai/backend-go-gateway/internal/auditlog/store.go:1205.95,1206.41 1 1
github.com/huanminabc/juhe-ai/backend-go-gateway/internal/auditlog/store.go:1206.41,1211.3 1 1
github.com/huanminabc/juhe-ai/backend-go-gateway/internal/auditlog/store.go:1212.2,1212.29 1 1
github.com/huanminabc/juhe-ai/backend-go-gateway/internal/auditlog/store.go:1212.29,1213.18 1 1
github.com/huanminabc/juhe-ai/backend-go-gateway/internal/auditlog/store.go:1213.18,1214.12 1 1
github.com/huanminabc/juhe-ai/backend-go-gateway/internal/auditlog/store.go:1216.3,1216.276 1 1
github.com/huanminabc/juhe-ai/backend-go-gateway/internal/auditlog/store.go:1216.276,1218.4 1 1
github.com/huanminabc/juhe-ai/backend-go-gateway/internal/auditlog/store.go:1220.2,1220.12 1 1
github.com/huanminabc/juhe-ai/backend-go-gateway/internal/auditlog/store.go:1223.49,1223.78 1 1
github.com/huanminabc/juhe-ai/backend-go-gateway/internal/auditlog/store.go:1225.125,1227.16 2 1
github.com/huanminabc/juhe-ai/backend-go-gateway/internal/auditlog/store.go:1227.16,1229.3 1 0
github.com/huanminabc/juhe-ai/backend-go-gateway/internal/auditlog/store.go:1230.2,1236.584 7 1
github.com/huanminabc/juhe-ai/backend-go-gateway/internal/auditlog/store.go:1236.584,1238.3 1 1
github.com/huanminabc/juhe-ai/backend-go-gateway/internal/auditlog/store.go:1239.2,1239.143 1 1
github.com/huanminabc/juhe-ai/backend-go-gateway/internal/auditlog/store.go:1239.143,1241.3 1 1
github.com/huanminabc/juhe-ai/backend-go-gateway/internal/auditlog/store.go:1242.2,1242.12 1 1
github.com/huanminabc/juhe-ai/backend-go-gateway/internal/auditlog/store.go:1255.105,1257.16 2 1
github.com/huanminabc/juhe-ai/backend-go-gateway/internal/auditlog/store.go:1257.16,1259.3 1 1
github.com/huanminabc/juhe-ai/backend-go-gateway/internal/auditlog/store.go:1260.2,1263.35 4 1
github.com/huanminabc/juhe-ai/backend-go-gateway/internal/auditlog/store.go:1263.35,1264.57 1 1
github.com/huanminabc/juhe-ai/backend-go-gateway/internal/auditlog/store.go:1264.57,1265.12 1 1
github.com/huanminabc/juhe-ai/backend-go-gateway/internal/auditlog/store.go:1267.3,1267.37 1 1
github.com/huanminabc/juhe-ai/backend-go-gateway/internal/auditlog/store.go:1267.37,1269.4 1 1
github.com/huanminabc/juhe-ai/backend-go-gateway/internal/auditlog/store.go:1269.9,1269.33 1 1
github.com/huanminabc/juhe-ai/backend-go-gateway/internal/auditlog/store.go:1269.33,1271.4 1 1
github.com/huanminabc/juhe-ai/backend-go-gateway/internal/auditlog/store.go:1272.3,1272.8 1 1
github.com/huanminabc/juhe-ai/backend-go-gateway/internal/auditlog/store.go:1274.2,1276.41 3 1
github.com/huanminabc/juhe-ai/backend-go-gateway/internal/auditlog/store.go:1276.41,1277.50 1 1
github.com/huanminabc/juhe-ai/backend-go-gateway/internal/auditlog/store.go:1277.50,1279.9 2 1
github.com/huanminabc/juhe-ai/backend-go-gateway/internal/auditlog/store.go:1282.2,1283.23 2 1
github.com/huanminabc/juhe-ai/backend-go-gateway/internal/auditlog/store.go:1283.23,1285.3 1 1
github.com/huanminabc/juhe-ai/backend-go-gateway/internal/auditlog/store.go:1286.2,1286.22 1 1
github.com/huanminabc/juhe-ai/backend-go-gateway/internal/auditlog/store.go:1286.22,1288.3 1 1
github.com/huanminabc/juhe-ai/backend-go-gateway/internal/auditlog/store.go:1289.2,1289.21 1 1
github.com/huanminabc/juhe-ai/backend-go-gateway/internal/auditlog/store.go:1289.21,1291.3 1 1
github.com/huanminabc/juhe-ai/backend-go-gateway/internal/auditlog/store.go:1292.2,1292.24 1 1
github.com/huanminabc/juhe-ai/backend-go-gateway/internal/auditlog/store.go:1292.24,1294.3 1 1
github.com/huanminabc/juhe-ai/backend-go-gateway/internal/auditlog/store.go:1295.2,1297.224 3 1
github.com/huanminabc/juhe-ai/backend-go-gateway/internal/auditlog/store.go:1300.38,1310.2 6 1
github.com/huanminabc/juhe-ai/backend-go-gateway/internal/auditlog/store.go:1312.44,1314.2 1 1
github.com/huanminabc/juhe-ai/backend-go-gateway/internal/auditlog/store.go:1316.37,1317.18 1 1
github.com/huanminabc/juhe-ai/backend-go-gateway/internal/auditlog/store.go:1317.18,1319.3 1 1
github.com/huanminabc/juhe-ai/backend-go-gateway/internal/auditlog/store.go:1320.2,1320.15 1 1
github.com/huanminabc/juhe-ai/backend-go-gateway/internal/auditlog/store.go:1329.58,1331.22 2 1
github.com/huanminabc/juhe-ai/backend-go-gateway/internal/auditlog/store.go:1331.22,1333.3 1 1
github.com/huanminabc/juhe-ai/backend-go-gateway/internal/auditlog/store.go:1334.2,1335.88 2 1
github.com/huanminabc/juhe-ai/backend-go-gateway/internal/auditlog/store.go:1338.114,1340.38 2 1
github.com/huanminabc/juhe-ai/backend-go-gateway/internal/auditlog/store.go:1340.38,1342.47 2 1
github.com/huanminabc/juhe-ai/backend-go-gateway/internal/auditlog/store.go:1342.47,1344.4 1 1
github.com/huanminabc/juhe-ai/backend-go-gateway/internal/auditlog/store.go:1345.3,1345.27 1 1
github.com/huanminabc/juhe-ai/backend-go-gateway/internal/auditlog/store.go:1345.27,1347.4 1 1
github.com/huanminabc/juhe-ai/backend-go-gateway/internal/auditlog/store.go:1347.9,1349.4 1 1
github.com/huanminabc/juhe-ai/backend-go-gateway/internal/auditlog/store.go:1350.3,1350.19 1 1
github.com/huanminabc/juhe-ai/backend-go-gateway/internal/auditlog/store.go:1350.19,1353.4 2 1
github.com/huanminabc/juhe-ai/backend-go-gateway/internal/auditlog/store.go:1354.3,1354.14 1 1
github.com/huanminabc/juhe-ai/backend-go-gateway/internal/auditlog/store.go:1356.2,1356.15 1 1
github.com/huanminabc/juhe-ai/backend-go-gateway/internal/auditlog/store.go:1359.35,1361.2 1 1
github.com/huanminabc/juhe-ai/backend-go-gateway/internal/auditlog/store.go:1362.37,1362.74 1 1
github.com/huanminabc/juhe-ai/backend-go-gateway/internal/auditlog/store.go:1364.60,1367.46 3 1
github.com/huanminabc/juhe-ai/backend-go-gateway/internal/auditlog/store.go:1367.46,1369.15 2 1
github.com/huanminabc/juhe-ai/backend-go-gateway/internal/auditlog/store.go:1370.13,1371.29 1 1
github.com/huanminabc/juhe-ai/backend-go-gateway/internal/auditlog/store.go:1372.12,1373.29 1 1
github.com/huanminabc/juhe-ai/backend-go-gateway/internal/auditlog/store.go:1374.13,1375.29 1 0
github.com/huanminabc/juhe-ai/backend-go-gateway/internal/auditlog/store.go:1376.13,1377.29 1 0
github.com/huanminabc/juhe-ai/backend-go-gateway/internal/auditlog/store.go:1378.13,1379.29 1 1
github.com/huanminabc/juhe-ai/backend-go-gateway/internal/auditlog/store.go:1380.13,1381.29 1 0
github.com/huanminabc/juhe-ai/backend-go-gateway/internal/auditlog/store.go:1382.13,1383.29 1 1
github.com/huanminabc/juhe-ai/backend-go-gateway/internal/auditlog/store.go:1384.11,1385.52 1 1
github.com/huanminabc/juhe-ai/backend-go-gateway/internal/auditlog/store.go:1385.52,1386.105 1 1
github.com/huanminabc/juhe-ai/backend-go-gateway/internal/auditlog/store.go:1386.105,1388.45 2 1
github.com/huanminabc/juhe-ai/backend-go-gateway/internal/auditlog/store.go:1388.45,1391.15 3 1
github.com/huanminabc/juhe-ai/backend-go-gateway/internal/auditlog/store.go:1394.5,1394.53 1 1
github.com/huanminabc/juhe-ai/backend-go-gateway/internal/auditlog/store.go:1395.10,1397.5 1 1
github.com/huanminabc/juhe-ai/backend-go-gateway/internal/auditlog/store.go:1400.2,1401.38 2 1
github.com/huanminabc/juhe-ai/backend-go-gateway/internal/auditlog/store.go:1406.46,1407.28 1 1
github.com/huanminabc/juhe-ai/backend-go-gateway/internal/auditlog/store.go:1407.28,1409.3 1 1
github.com/huanminabc/juhe-ai/backend-go-gateway/internal/auditlog/store.go:1410.2,1412.34 3 1
github.com/huanminabc/juhe-ai/backend-go-gateway/internal/auditlog/store.go:1412.34,1413.23 1 1
github.com/huanminabc/juhe-ai/backend-go-gateway/internal/auditlog/store.go:1413.23,1415.12 2 1
github.com/huanminabc/juhe-ai/backend-go-gateway/internal/auditlog/store.go:1417.3,1419.43 3 1
github.com/huanminabc/juhe-ai/backend-go-gateway/internal/auditlog/store.go:1421.2,1421.25 1 1
github.com/huanminabc/juhe-ai/backend-go-gateway/internal/auditlog/store.go:1424.45,1425.26 1 1
github.com/huanminabc/juhe-ai/backend-go-gateway/internal/auditlog/store.go:1425.26,1427.3 1 1
github.com/huanminabc/juhe-ai/backend-go-gateway/internal/auditlog/store.go:1428.2,1428.45 1 1
github.com/huanminabc/juhe-ai/backend-go-gateway/internal/auditlog/store.go:1430.35,1432.16 2 1
github.com/huanminabc/juhe-ai/backend-go-gateway/internal/auditlog/store.go:1432.16,1434.3 1 1
github.com/huanminabc/juhe-ai/backend-go-gateway/internal/auditlog/store.go:1435.2,1435.46 1 1
github.com/huanminabc/juhe-ai/backend-go-gateway/internal/auditlog/store.go:1437.48,1438.36 1 1
github.com/huanminabc/juhe-ai/backend-go-gateway/internal/auditlog/store.go:1438.36,1440.3 1 1
github.com/huanminabc/juhe-ai/backend-go-gateway/internal/auditlog/store.go:1441.2,1442.16 2 1
github.com/huanminabc/juhe-ai/backend-go-gateway/internal/auditlog/store.go:1442.16,1444.3 1 1
github.com/huanminabc/juhe-ai/backend-go-gateway/internal/auditlog/store.go:1445.2,1445.26 1 1
github.com/huanminabc/juhe-ai/backend-go-gateway/internal/auditlog/store.go:1445.26,1447.3 1 1
github.com/huanminabc/juhe-ai/backend-go-gateway/internal/auditlog/store.go:1448.2,1448.46 1 1
github.com/huanminabc/juhe-ai/backend-go-gateway/internal/auditlog/store.go:1450.33,1451.36 1 1
github.com/huanminabc/juhe-ai/backend-go-gateway/internal/auditlog/store.go:1451.36,1453.3 1 1
github.com/huanminabc/juhe-ai/backend-go-gateway/internal/auditlog/store.go:1454.2,1454.14 1 1
github.com/huanminabc/juhe-ai/backend-go-gateway/internal/auditlog/store.go:1456.36,1457.17 1 1
github.com/huanminabc/juhe-ai/backend-go-gateway/internal/auditlog/store.go:1457.17,1459.3 1 1
github.com/huanminabc/juhe-ai/backend-go-gateway/internal/auditlog/store.go:1460.2,1460.14 1 1
github.com/huanminabc/juhe-ai/backend-go-gateway/internal/auditlog/store.go:1462.33,1463.18 1 1
github.com/huanminabc/juhe-ai/backend-go-gateway/internal/auditlog/store.go:1463.18,1465.3 1 1
github.com/huanminabc/juhe-ai/backend-go-gateway/internal/auditlog/store.go:1466.2,1466.15 1 1
github.com/huanminabc/juhe-ai/backend-go-gateway/internal/auditlog/store.go:1469.40,1470.18 1 1
github.com/huanminabc/juhe-ai/backend-go-gateway/internal/auditlog/store.go:1470.18,1472.3 1 1
github.com/huanminabc/juhe-ai/backend-go-gateway/internal/auditlog/store.go:1473.2,1473.14 1 1
github.com/huanminabc/juhe-ai/backend-go-gateway/internal/auditlog/types.go:99.57,101.54 2 1
github.com/huanminabc/juhe-ai/backend-go-gateway/internal/auditlog/types.go:101.54,104.3 2 1
github.com/huanminabc/juhe-ai/backend-go-gateway/internal/auditlog/types.go:105.2,106.52 2 1
github.com/huanminabc/juhe-ai/backend-go-gateway/internal/auditlog/types.go:106.52,108.3 1 1
github.com/huanminabc/juhe-ai/backend-go-gateway/internal/auditlog/types.go:109.2,110.12 2 1
github.com/huanminabc/juhe-ai/backend-go-gateway/internal/auditlog/types.go:113.53,114.13 1 1
github.com/huanminabc/juhe-ai/backend-go-gateway/internal/auditlog/types.go:114.13,115.22 1 1
github.com/huanminabc/juhe-ai/backend-go-gateway/internal/auditlog/types.go:115.22,117.4 1 1
github.com/huanminabc/juhe-ai/backend-go-gateway/internal/auditlog/types.go:118.3,118.32 1 1
github.com/huanminabc/juhe-ai/backend-go-gateway/internal/auditlog/types.go:120.2,120.24 1 1
github.com/huanminabc/juhe-ai/backend-go-gateway/internal/auditlog/types.go:120.24,122.3 1 1
github.com/huanminabc/juhe-ai/backend-go-gateway/internal/auditlog/types.go:123.2,123.34 1 1
github.com/huanminabc/juhe-ai/backend-go-gateway/internal/auditlog/types.go:134.56,135.28 1 1
github.com/huanminabc/juhe-ai/backend-go-gateway/internal/auditlog/types.go:135.28,138.3 2 1
github.com/huanminabc/juhe-ai/backend-go-gateway/internal/auditlog/types.go:139.2,140.52 2 1
github.com/huanminabc/juhe-ai/backend-go-gateway/internal/auditlog/types.go:140.52,143.3 2 1
github.com/huanminabc/juhe-ai/backend-go-gateway/internal/auditlog/types.go:144.2,149.55 2 1
github.com/huanminabc/juhe-ai/backend-go-gateway/internal/auditlog/types.go:149.55,151.3 1 1
github.com/huanminabc/juhe-ai/backend-go-gateway/internal/auditlog/types.go:152.2,152.26 1 1
github.com/huanminabc/juhe-ai/backend-go-gateway/internal/auditlog/types.go:152.26,154.17 2 1
github.com/huanminabc/juhe-ai/backend-go-gateway/internal/auditlog/types.go:154.17,156.4 1 1
github.com/huanminabc/juhe-ai/backend-go-gateway/internal/auditlog/types.go:157.3,158.13 2 1
github.com/huanminabc/juhe-ai/backend-go-gateway/internal/auditlog/types.go:160.2,160.53 1 1
github.com/huanminabc/juhe-ai/backend-go-gateway/internal/auditlog/types.go:160.53,163.3 2 1
github.com/huanminabc/juhe-ai/backend-go-gateway/internal/auditlog/types.go:164.2,164.79 1 0
github.com/huanminabc/juhe-ai/backend-go-gateway/internal/auditlog/types.go:326.64,327.17 1 1
github.com/huanminabc/juhe-ai/backend-go-gateway/internal/auditlog/types.go:327.17,329.3 1 1
github.com/huanminabc/juhe-ai/backend-go-gateway/internal/auditlog/types.go:330.2,330.14 1 1
github.com/huanminabc/juhe-ai/backend-go-gateway/internal/auditlog/types.go:333.52,334.35 1 1
github.com/huanminabc/juhe-ai/backend-go-gateway/internal/auditlog/types.go:334.35,335.25 1 1
github.com/huanminabc/juhe-ai/backend-go-gateway/internal/auditlog/types.go:335.25,337.4 1 1
github.com/huanminabc/juhe-ai/backend-go-gateway/internal/auditlog/types.go:339.2,339.14 1 1
github.com/huanminabc/juhe-ai/backend-go-gateway/internal/auditlog/types.go:342.47,343.161 1 1
github.com/huanminabc/juhe-ai/backend-go-gateway/internal/auditlog/types.go:343.161,345.3 1 1
github.com/huanminabc/juhe-ai/backend-go-gateway/internal/auditlog/types.go:346.2,347.66 2 1
github.com/huanminabc/juhe-ai/backend-go-gateway/internal/auditlog/types.go:347.66,349.3 1 1
github.com/huanminabc/juhe-ai/backend-go-gateway/internal/auditlog/types.go:350.2,350.227 1 1
github.com/huanminabc/juhe-ai/backend-go-gateway/internal/auditlog/types.go:350.227,352.3 1 1
github.com/huanminabc/juhe-ai/backend-go-gateway/internal/auditlog/types.go:353.2,353.249 1 1
github.com/huanminabc/juhe-ai/backend-go-gateway/internal/auditlog/types.go:353.249,355.3 1 1
github.com/huanminabc/juhe-ai/backend-go-gateway/internal/auditlog/types.go:356.2,356.174 1 1
github.com/huanminabc/juhe-ai/backend-go-gateway/internal/auditlog/types.go:356.174,358.3 1 1
github.com/huanminabc/juhe-ai/backend-go-gateway/internal/auditlog/types.go:359.2,359.135 1 1
github.com/huanminabc/juhe-ai/backend-go-gateway/internal/auditlog/types.go:359.135,361.3 1 1
github.com/huanminabc/juhe-ai/backend-go-gateway/internal/auditlog/types.go:362.2,362.155 1 1
github.com/huanminabc/juhe-ai/backend-go-gateway/internal/auditlog/types.go:362.155,364.3 1 1
github.com/huanminabc/juhe-ai/backend-go-gateway/internal/auditlog/types.go:365.2,365.41 1 1
github.com/huanminabc/juhe-ai/backend-go-gateway/internal/auditlog/types.go:365.41,366.197 1 1
github.com/huanminabc/juhe-ai/backend-go-gateway/internal/auditlog/types.go:366.197,368.4 1 1
github.com/huanminabc/juhe-ai/backend-go-gateway/internal/auditlog/types.go:369.3,370.19 2 1
github.com/huanminabc/juhe-ai/backend-go-gateway/internal/auditlog/types.go:370.19,372.4 1 1
github.com/huanminabc/juhe-ai/backend-go-gateway/internal/auditlog/types.go:373.3,373.168 1 1
github.com/huanminabc/juhe-ai/backend-go-gateway/internal/auditlog/types.go:373.168,375.4 1 1
github.com/huanminabc/juhe-ai/backend-go-gateway/internal/auditlog/types.go:377.2,377.12 1 1
github.com/huanminabc/juhe-ai/backend-go-gateway/internal/auditlog/types.go:380.77,382.19 2 1
github.com/huanminabc/juhe-ai/backend-go-gateway/internal/auditlog/types.go:382.19,383.15 1 1
github.com/huanminabc/juhe-ai/backend-go-gateway/internal/auditlog/types.go:383.15,385.4 1 1
github.com/huanminabc/juhe-ai/backend-go-gateway/internal/auditlog/types.go:386.3,386.63 1 1
github.com/huanminabc/juhe-ai/backend-go-gateway/internal/auditlog/types.go:388.2,389.16 2 1
github.com/huanminabc/juhe-ai/backend-go-gateway/internal/auditlog/types.go:389.16,391.3 1 1
github.com/huanminabc/juhe-ai/backend-go-gateway/internal/auditlog/types.go:392.2,392.51 1 1
github.com/huanminabc/juhe-ai/backend-go-gateway/internal/auditlog/types.go:399.70,407.45 2 1
github.com/huanminabc/juhe-ai/backend-go-gateway/internal/auditlog/types.go:407.45,409.3 1 1
github.com/huanminabc/juhe-ai/backend-go-gateway/internal/auditlog/types.go:410.2,411.96 2 1
github.com/huanminabc/juhe-ai/backend-go-gateway/internal/auditlog/types.go:411.96,413.3 1 1
github.com/huanminabc/juhe-ai/backend-go-gateway/internal/auditlog/types.go:414.2,414.90 1 1
github.com/huanminabc/juhe-ai/backend-go-gateway/internal/auditlog/types.go:414.90,416.3 1 0
github.com/huanminabc/juhe-ai/backend-go-gateway/internal/auditlog/types.go:417.2,417.46 1 1
github.com/huanminabc/juhe-ai/backend-go-gateway/internal/auditlog/types.go:417.46,419.3 1 1
github.com/huanminabc/juhe-ai/backend-go-gateway/internal/auditlog/types.go:419.8,419.103 1 1
github.com/huanminabc/juhe-ai/backend-go-gateway/internal/auditlog/types.go:419.103,421.3 1 1
github.com/huanminabc/juhe-ai/backend-go-gateway/internal/auditlog/types.go:422.2,422.113 1 1
github.com/huanminabc/juhe-ai/backend-go-gateway/internal/auditlog/types.go:422.113,424.3 1 1
github.com/huanminabc/juhe-ai/backend-go-gateway/internal/auditlog/types.go:425.2,425.36 1 1
github.com/huanminabc/juhe-ai/backend-go-gateway/internal/auditlog/types.go:425.36,427.134 2 1
github.com/huanminabc/juhe-ai/backend-go-gateway/internal/auditlog/types.go:427.134,429.4 1 0
github.com/huanminabc/juhe-ai/backend-go-gateway/internal/auditlog/types.go:430.3,430.127 1 1
github.com/huanminabc/juhe-ai/backend-go-gateway/internal/auditlog/types.go:430.127,432.4 1 1
github.com/huanminabc/juhe-ai/backend-go-gateway/internal/auditlog/types.go:434.2,434.36 1 1
github.com/huanminabc/juhe-ai/backend-go-gateway/internal/auditlog/types.go:434.36,436.133 2 1
github.com/huanminabc/juhe-ai/backend-go-gateway/internal/auditlog/types.go:436.133,438.4 1 1
github.com/huanminabc/juhe-ai/backend-go-gateway/internal/auditlog/types.go:440.2,440.19 1 1
github.com/huanminabc/juhe-ai/backend-go-gateway/internal/auditlog/types.go:443.73,444.38 1 1
github.com/huanminabc/juhe-ai/backend-go-gateway/internal/auditlog/types.go:444.38,447.3 2 1
github.com/huanminabc/juhe-ai/backend-go-gateway/internal/auditlog/types.go:448.2,448.25 1 1
github.com/huanminabc/juhe-ai/backend-go-gateway/internal/auditlog/types.go:448.25,451.3 2 1
github.com/huanminabc/juhe-ai/backend-go-gateway/internal/auditlog/types.go:452.2,452.34 1 1
github.com/huanminabc/juhe-ai/backend-go-gateway/internal/auditlog/types.go:452.34,455.3 2 1
github.com/huanminabc/juhe-ai/backend-go-gateway/internal/auditlog/types.go:456.2,456.29 1 1
github.com/huanminabc/juhe-ai/backend-go-gateway/internal/auditlog/types.go:456.29,459.3 2 1
github.com/huanminabc/juhe-ai/backend-go-gateway/internal/auditlog/types.go:460.2,460.33 1 1
github.com/huanminabc/juhe-ai/backend-go-gateway/internal/auditlog/types.go:460.33,463.3 2 1
github.com/huanminabc/juhe-ai/backend-go-gateway/internal/auditlog/types.go:464.2,464.31 1 1
github.com/huanminabc/juhe-ai/backend-go-gateway/internal/auditlog/types.go:464.31,467.3 2 1
github.com/huanminabc/juhe-ai/backend-go-gateway/internal/auditlog/types.go:468.2,470.14 3 1
github.com/huanminabc/juhe-ai/backend-go-gateway/internal/auditlog/types.go:473.84,474.21 1 1
github.com/huanminabc/juhe-ai/backend-go-gateway/internal/auditlog/types.go:474.21,476.3 1 1
github.com/huanminabc/juhe-ai/backend-go-gateway/internal/auditlog/types.go:477.2,478.39 2 1
github.com/huanminabc/juhe-ai/backend-go-gateway/internal/auditlog/types.go:478.39,480.41 2 1
github.com/huanminabc/juhe-ai/backend-go-gateway/internal/auditlog/types.go:480.41,483.4 2 1
github.com/huanminabc/juhe-ai/backend-go-gateway/internal/auditlog/types.go:484.3,484.40 1 1
github.com/huanminabc/juhe-ai/backend-go-gateway/internal/auditlog/types.go:484.40,487.4 2 1
github.com/huanminabc/juhe-ai/backend-go-gateway/internal/auditlog/types.go:488.3,488.29 1 1
github.com/huanminabc/juhe-ai/backend-go-gateway/internal/auditlog/types.go:488.29,491.4 2 1
github.com/huanminabc/juhe-ai/backend-go-gateway/internal/auditlog/types.go:492.3,492.32 1 1
github.com/huanminabc/juhe-ai/backend-go-gateway/internal/auditlog/types.go:492.32,495.4 2 1
github.com/huanminabc/juhe-ai/backend-go-gateway/internal/auditlog/types.go:497.2,497.15 1 1
github.com/huanminabc/juhe-ai/backend-go-gateway/internal/auditlog/types.go:500.84,501.21 1 1
github.com/huanminabc/juhe-ai/backend-go-gateway/internal/auditlog/types.go:501.21,503.3 1 1
github.com/huanminabc/juhe-ai/backend-go-gateway/internal/auditlog/types.go:504.2,505.39 2 1
github.com/huanminabc/juhe-ai/backend-go-gateway/internal/auditlog/types.go:505.39,507.35 2 1
github.com/huanminabc/juhe-ai/backend-go-gateway/internal/auditlog/types.go:507.35,510.4 2 1
github.com/huanminabc/juhe-ai/backend-go-gateway/internal/auditlog/types.go:511.3,511.38 1 1
github.com/huanminabc/juhe-ai/backend-go-gateway/internal/auditlog/types.go:511.38,514.4 2 1
github.com/huanminabc/juhe-ai/backend-go-gateway/internal/auditlog/types.go:515.3,515.29 1 1
github.com/huanminabc/juhe-ai/backend-go-gateway/internal/auditlog/types.go:515.29,517.46 2 1
github.com/huanminabc/juhe-ai/backend-go-gateway/internal/auditlog/types.go:517.46,519.29 2 1
github.com/huanminabc/juhe-ai/backend-go-gateway/internal/auditlog/types.go:519.29,521.6 1 1
github.com/huanminabc/juhe-ai/backend-go-gateway/internal/auditlog/types.go:522.5,522.47 1 1
github.com/huanminabc/juhe-ai/backend-go-gateway/internal/auditlog/types.go:525.3,525.32 1 1
github.com/huanminabc/juhe-ai/backend-go-gateway/internal/auditlog/types.go:525.32,527.4 1 1
github.com/huanminabc/juhe-ai/backend-go-gateway/internal/auditlog/types.go:529.2,529.15 1 1
